{
  "experiment_name": "cross_noise_robustness",
  "timestamp": "2025-12-09T14:37:16.717503",
  "statistical_protocol": {
    "n_seeds": 5,
    "seeds_used": [
      0,
      1,
      2,
      3,
      4
    ],
    "aggregation_method": "mean \u00b1 std (sample standard deviation with ddof=1)",
    "confidence_level": 0.95
  },
  "hyperparameters": {
    "n_qubits": 3,
    "epsilon_range": [
      0.0,
      0.2
    ],
    "n_epsilon_points": 20,
    "p_x_asymmetric": 0.05
  },
  "aggregated_results": {
    "baseline_over_rotation_retention": {
      "mean": 0.8058164261023061,
      "std": 0.1695480970192745,
      "median": 0.8416593427455032,
      "min": 0.4918721611423588,
      "max": 1.0,
      "n": 20,
      "sem": 0.037912107039082724,
      "ci_lower": 0.7264654741162051,
      "ci_upper": 0.8851673780884071
    },
    "robust_over_rotation_retention": {
      "mean": 0.979794778215574,
      "std": 0.018926420679072374,
      "median": 0.9850532105596788,
      "min": 0.9414833153178284,
      "max": 1.0,
      "n": 20,
      "sem": 0.0042320763209163555,
      "ci_lower": 0.9709369406758045,
      "ci_upper": 0.9886526157553436
    }
  },
  "noise_parameters": {
    "epsilon_range": [
      0.0,
      0.2
    ],
    "p_x_asymmetric": 0.05
  },
  "commit_hash": "5dd7da67",
  "additional_notes": "Cross-noise robustness test for coherent over-rotation and asymmetric Pauli noise."
}