{
  "experiment_name": "cross_noise_robustness",
  "timestamp": "2025-12-04T00:57:10.669081",
  "statistical_protocol": {
    "n_seeds": 5,
    "seeds_used": [
      0,
      1,
      2,
      3,
      4
    ],
    "aggregation_method": "mean \u00b1 std (sample standard deviation with ddof=1)",
    "confidence_level": 0.95
  },
  "hyperparameters": {
    "n_qubits": 3,
    "epsilon_range": [
      0.0,
      0.2
    ],
    "n_epsilon_points": 20,
    "p_x_asymmetric": 0.05
  },
  "aggregated_results": {
    "baseline_over_rotation_retention": {
      "mean": 0.5925058913606935,
      "std": 0.2924496780352869,
      "median": 0.5747404888117604,
      "min": 0.22808576617156062,
      "max": 1.0,
      "n": 20,
      "sem": 0.06539373600848286,
      "ci_lower": 0.4556352288873151,
      "ci_upper": 0.729376553834072
    },
    "robust_over_rotation_retention": {
      "mean": 0.8593581860875001,
      "std": 0.12647847992454048,
      "median": 0.8898247116699642,
      "min": 0.615771509156913,
      "max": 1.0,
      "n": 20,
      "sem": 0.028281447880211495,
      "ci_lower": 0.8001644353807239,
      "ci_upper": 0.9185519367942764
    }
  },
  "noise_parameters": {
    "epsilon_range": [
      0.0,
      0.2
    ],
    "p_x_asymmetric": 0.05
  },
  "commit_hash": "286acb64",
  "additional_notes": "Cross-noise robustness test for coherent over-rotation and asymmetric Pauli noise."
}