{
  "experiment_name": "parameter_recovery",
  "timestamp": "2025-12-04T01:01:25.838744",
  "statistical_protocol": {
    "n_seeds": 5,
    "seeds_used": [
      0,
      1,
      2,
      3,
      4
    ],
    "aggregation_method": "mean \u00b1 std (sample standard deviation with ddof=1)",
    "confidence_level": 0.95
  },
  "hyperparameters": {
    "n_qubits": 3,
    "p_values": [
      0.02,
      0.05,
      0.08,
      0.12,
      0.16,
      0.2,
      0.25
    ],
    "n_shots": 150,
    "n_repetitions": 5,
    "base_seed": 42,
    "noise_model": "asymmetric",
    "asymmetric_params": {
      "p_x": 0.08,
      "p_y": 0.02,
      "p_z": 0.02
    }
  },
  "aggregated_results": {
    "baseline_mean_abs_error": {
      "mean": 0.008599020585506439,
      "std": 0.012517038615605776,
      "median": 0.0032412167181671892,
      "min": 0.00011311836777391573,
      "max": 0.033175467983944794,
      "n": 7,
      "sem": 0.004730995903983584,
      "ci_lower": -0.0029773093596693005,
      "ci_upper": 0.02017535053068218
    },
    "robust_mean_abs_error": {
      "mean": 0.0010776267707106571,
      "std": 0.0016518472536088112,
      "median": 0.0005533570138922638,
      "min": 4.4020454437267156e-05,
      "max": 0.00477563009406452,
      "n": 7,
      "sem": 0.0006243395767019936,
      "ci_lower": -0.00045007713866028454,
      "ci_upper": 0.002605330680081599
    },
    "quantumnas_mean_abs_error": {
      "mean": 0.0008346321314126107,
      "std": 0.0010349141158905726,
      "median": 0.0005981574190033589,
      "min": 4.55510711695542e-05,
      "max": 0.0029265960948100357,
      "n": 7,
      "sem": 0.00039116076842239054,
      "ci_lower": -0.00012250378854310954,
      "ci_upper": 0.001791768051368331
    }
  },
  "noise_seeds": [
    42000000,
    42000001,
    42000002,
    42000003,
    42000004,
    42001000,
    42001001,
    42001002,
    42001003,
    42001004,
    42002000,
    42002001,
    42002002,
    42002003,
    42002004,
    42003000,
    42003001,
    42003002,
    42003003,
    42003004,
    42004000,
    42004001,
    42004002,
    42004003,
    42004004,
    42005000,
    42005001,
    42005002,
    42005003,
    42005004,
    42006000,
    42006001,
    42006002,
    42006003,
    42006004,
    1452065410,
    1452065411,
    1452065412,
    1452065413,
    1452065414,
    1452066410,
    1452066411,
    1452066412,
    1452066413,
    1452066414,
    1452067410,
    1452067411,
    1452067412,
    1452067413,
    1452067414,
    1452068410,
    1452068411,
    1452068412,
    1452068413,
    1452068414,
    1452069410,
    1452069411,
    1452069412,
    1452069413,
    1452069414,
    1452070410,
    1452070411,
    1452070412,
    1452070413,
    1452070414,
    1452071410,
    1452071411,
    1452071412,
    1452071413,
    1452071414,
    2862130820,
    2862130821,
    2862130822,
    2862130823,
    2862130824,
    2862131820,
    2862131821,
    2862131822,
    2862131823,
    2862131824,
    2862132820,
    2862132821,
    2862132822,
    2862132823,
    2862132824,
    2862133820,
    2862133821,
    2862133822,
    2862133823,
    2862133824,
    2862134820,
    2862134821,
    2862134822,
    2862134823,
    2862134824,
    2862135820,
    2862135821,
    2862135822,
    2862135823,
    2862135824,
    2862136820,
    2862136821,
    2862136822,
    2862136823,
    2862136824
  ],
  "noise_parameters": {
    "p_values": [
      0.02,
      0.05,
      0.08,
      0.12,
      0.16,
      0.2,
      0.25
    ],
    "depolarizing_noise": true
  },
  "commit_hash": "286acb64",
  "additional_notes": "Parameter recovery experiment testing noise estimation accuracy."
}