{
  "experiment_name": "parameter_recovery",
  "timestamp": "2025-12-03T08:18:37.482823",
  "statistical_protocol": {
    "n_seeds": 3,
    "seeds_used": [
      0,
      1,
      2
    ],
    "aggregation_method": "mean \u00b1 std (sample standard deviation with ddof=1)",
    "confidence_level": 0.95
  },
  "hyperparameters": {
    "n_qubits": 3,
    "p_values": [
      0.02,
      0.05,
      0.08,
      0.12,
      0.16,
      0.2,
      0.25
    ],
    "n_shots": 150,
    "n_repetitions": 3,
    "base_seed": 42,
    "noise_model": "asymmetric",
    "asymmetric_params": {
      "p_x": 0.08,
      "p_y": 0.02,
      "p_z": 0.02
    }
  },
  "aggregated_results": {
    "baseline_mean_abs_error": {
      "mean": 0.013658109270499917,
      "std": 0.019425720462679832,
      "median": 0.005362831829198579,
      "min": 3.514948080912336e-05,
      "max": 0.04786055808476378,
      "n": 7,
      "sem": 0.007342232197501344,
      "ci_lower": -0.004307685707424293,
      "ci_upper": 0.03162390424842413
    },
    "robust_mean_abs_error": {
      "mean": 0.0011029248596901087,
      "std": 0.0014479013014917332,
      "median": 0.00028372243636712313,
      "min": 6.92267828651764e-05,
      "max": 0.003568832350236519,
      "n": 7,
      "sem": 0.0005472552523876972,
      "ci_lower": -0.0002361605029786787,
      "ci_upper": 0.002442010222358896
    },
    "quantumnas_mean_abs_error": {
      "mean": 0.001500476168958638,
      "std": 0.0014412550823831353,
      "median": 0.0012481107676260937,
      "min": 0.00011212308496095942,
      "max": 0.003994876487009358,
      "n": 7,
      "sem": 0.0005447432176848121,
      "ci_lower": 0.00016753753377482744,
      "ci_upper": 0.0028334148041424486
    }
  },
  "noise_seeds": [
    42000000,
    42000001,
    42000002,
    42001000,
    42001001,
    42001002,
    42002000,
    42002001,
    42002002,
    42003000,
    42003001,
    42003002,
    42004000,
    42004001,
    42004002,
    42005000,
    42005001,
    42005002,
    42006000,
    42006001,
    42006002,
    1452065410,
    1452065411,
    1452065412,
    1452066410,
    1452066411,
    1452066412,
    1452067410,
    1452067411,
    1452067412,
    1452068410,
    1452068411,
    1452068412,
    1452069410,
    1452069411,
    1452069412,
    1452070410,
    1452070411,
    1452070412,
    1452071410,
    1452071411,
    1452071412,
    2862130820,
    2862130821,
    2862130822,
    2862131820,
    2862131821,
    2862131822,
    2862132820,
    2862132821,
    2862132822,
    2862133820,
    2862133821,
    2862133822,
    2862134820,
    2862134821,
    2862134822,
    2862135820,
    2862135821,
    2862135822,
    2862136820,
    2862136821,
    2862136822
  ],
  "noise_parameters": {
    "p_values": [
      0.02,
      0.05,
      0.08,
      0.12,
      0.16,
      0.2,
      0.25
    ],
    "depolarizing_noise": true
  },
  "commit_hash": "3d6eb35c",
  "additional_notes": "Parameter recovery experiment testing noise estimation accuracy."
}