{
  "experiment_name": "parameter_recovery",
  "timestamp": "2025-12-12T20:36:42.230701",
  "statistical_protocol": {
    "n_seeds": 5,
    "seeds_used": [
      0,
      1,
      2,
      3,
      4
    ],
    "aggregation_method": "mean \u00b1 std (sample standard deviation with ddof=1)",
    "confidence_level": 0.95
  },
  "hyperparameters": {
    "n_qubits": 5,
    "p_values": [
      0.02,
      0.05,
      0.08,
      0.12,
      0.16,
      0.2,
      0.25
    ],
    "n_shots": 150,
    "n_repetitions": 5,
    "base_seed": 42,
    "noise_model": "asymmetric",
    "asymmetric_params": {
      "p_x": 0.08,
      "p_y": 0.02,
      "p_z": 0.02
    }
  },
  "aggregated_results": {
    "baseline_mean_abs_error": {
      "mean": 0.0021836531857685718,
      "std": 0.0032007911102101302,
      "median": 0.0012411059766195443,
      "min": 4.3757421977080185e-05,
      "max": 0.009020886700538994,
      "n": 7,
      "sem": 0.0012097853251831913,
      "ci_lower": -0.0007765848637634491,
      "ci_upper": 0.005143891235300593
    },
    "robust_mean_abs_error": {
      "mean": 0.002452667434448088,
      "std": 0.00367248170720124,
      "median": 0.0008066158476014885,
      "min": 3.3509623790601435e-05,
      "max": 0.009706465646774826,
      "n": 7,
      "sem": 0.0013880676130983438,
      "ci_lower": -0.0009438116582327592,
      "ci_upper": 0.0058491465271289355
    },
    "quantumnas_mean_abs_error": {
      "mean": 0.000696620678714829,
      "std": 0.0009278787703366447,
      "median": 0.00034372814129672856,
      "min": 3.846837425683508e-05,
      "max": 0.00261190468708542,
      "n": 7,
      "sem": 0.00035070521044673966,
      "ci_lower": -0.00016152405698558869,
      "ci_upper": 0.0015547654144152467
    }
  },
  "noise_seeds": [
    42000000,
    42000001,
    42000002,
    42000003,
    42000004,
    42001000,
    42001001,
    42001002,
    42001003,
    42001004,
    42002000,
    42002001,
    42002002,
    42002003,
    42002004,
    42003000,
    42003001,
    42003002,
    42003003,
    42003004,
    42004000,
    42004001,
    42004002,
    42004003,
    42004004,
    42005000,
    42005001,
    42005002,
    42005003,
    42005004,
    42006000,
    42006001,
    42006002,
    42006003,
    42006004,
    1452065410,
    1452065411,
    1452065412,
    1452065413,
    1452065414,
    1452066410,
    1452066411,
    1452066412,
    1452066413,
    1452066414,
    1452067410,
    1452067411,
    1452067412,
    1452067413,
    1452067414,
    1452068410,
    1452068411,
    1452068412,
    1452068413,
    1452068414,
    1452069410,
    1452069411,
    1452069412,
    1452069413,
    1452069414,
    1452070410,
    1452070411,
    1452070412,
    1452070413,
    1452070414,
    1452071410,
    1452071411,
    1452071412,
    1452071413,
    1452071414,
    2862130820,
    2862130821,
    2862130822,
    2862130823,
    2862130824,
    2862131820,
    2862131821,
    2862131822,
    2862131823,
    2862131824,
    2862132820,
    2862132821,
    2862132822,
    2862132823,
    2862132824,
    2862133820,
    2862133821,
    2862133822,
    2862133823,
    2862133824,
    2862134820,
    2862134821,
    2862134822,
    2862134823,
    2862134824,
    2862135820,
    2862135821,
    2862135822,
    2862135823,
    2862135824,
    2862136820,
    2862136821,
    2862136822,
    2862136823,
    2862136824
  ],
  "noise_parameters": {
    "p_values": [
      0.02,
      0.05,
      0.08,
      0.12,
      0.16,
      0.2,
      0.25
    ],
    "depolarizing_noise": true
  },
  "commit_hash": "e0422ab3",
  "additional_notes": "Parameter recovery experiment testing noise estimation accuracy."
}