{
  "experiment_name": "lambda_sweep",
  "timestamp": "2025-12-02T23:06:33.366248",
  "statistical_protocol": {
    "n_seeds": 5,
    "seeds_used": [
      0,
      1,
      2,
      3,
      4
    ],
    "aggregation_method": "mean \u00b1 std (sample standard deviation with ddof=1)",
    "confidence_level": 0.95
  },
  "hyperparameters": {
    "lambda_values": [
      0.001,
      0.005,
      0.01,
      0.05,
      0.1
    ],
    "n_qubits": 3,
    "training_steps": 60000,
    "fidelity_threshold": 0.99,
    "max_circuit_timesteps": 15,
    "n_steps_per_update": 2048,
    "include_rotations": true,
    "rotation_types": [
      "Rz",
      "Rx"
    ]
  },
  "aggregated_results": {
    "lambda_0.001": {
      "mean": 0.9707103490829466,
      "std": 0.06549288412764089,
      "median": 0.9999996423721311,
      "min": 0.8535531163215636,
      "max": 0.9999998211860656,
      "n": 5,
      "sem": 0.029289308190384406,
      "ci_lower": 0.889390192723124,
      "ci_upper": 1.0520305054427692
    },
    "lambda_0.005": {
      "mean": 0.9707103490829466,
      "std": 0.06549288412764089,
      "median": 0.9999996423721311,
      "min": 0.8535531163215636,
      "max": 0.9999998211860656,
      "n": 5,
      "sem": 0.029289308190384406,
      "ci_lower": 0.889390192723124,
      "ci_upper": 1.0520305054427692
    },
    "lambda_0.01": {
      "mean": 0.9707103490829466,
      "std": 0.06549288412764089,
      "median": 0.9999996423721311,
      "min": 0.8535531163215636,
      "max": 0.9999998211860656,
      "n": 5,
      "sem": 0.029289308190384406,
      "ci_lower": 0.889390192723124,
      "ci_upper": 1.0520305054427692
    },
    "lambda_0.05": {
      "mean": 0.9707103490829466,
      "std": 0.06549288412764089,
      "median": 0.9999996423721311,
      "min": 0.8535531163215636,
      "max": 0.9999998211860656,
      "n": 5,
      "sem": 0.029289308190384406,
      "ci_lower": 0.889390192723124,
      "ci_upper": 1.0520305054427692
    },
    "lambda_0.1": {
      "mean": 0.9707103490829466,
      "std": 0.06549288412764089,
      "median": 0.9999996423721311,
      "min": 0.8535531163215636,
      "max": 0.9999998211860656,
      "n": 5,
      "sem": 0.029289308190384406,
      "ci_lower": 0.889390192723124,
      "ci_upper": 1.0520305054427692
    }
  },
  "commit_hash": "904eae19",
  "additional_notes": "Lambda sweep experiment for hyperparameter sensitivity analysis."
}