{
  "experiment_name": "circuit_robustness_comparison",
  "timestamp": "2025-12-02T09:11:42.602999",
  "statistical_protocol": {
    "n_seeds": 1,
    "seeds_used": [
      0
    ],
    "aggregation_method": "mean \u00b1 std (sample standard deviation with ddof=1)",
    "confidence_level": 0.95
  },
  "hyperparameters": {
    "n_qubits": 3,
    "num_runs": 1,
    "samples_per_circuit": 32
  },
  "aggregated_results": {
    "vanilla_fidelity": {
      "mean": 0.9606831222772597,
      "std": 0.0,
      "median": 0.9606831222772597,
      "min": 0.9606831222772597,
      "max": 0.9606831222772597,
      "n": 1,
      "sem": 0.0,
      "ci_lower": 0.9606831222772597,
      "ci_upper": 0.9606831222772597
    },
    "robust_fidelity": {
      "mean": 0.9703535437583921,
      "std": 0.0,
      "median": 0.9703535437583921,
      "min": 0.9703535437583921,
      "max": 0.9703535437583921,
      "n": 1,
      "sem": 0.0,
      "ci_lower": 0.9703535437583921,
      "ci_upper": 0.9703535437583921
    }
  },
  "commit_hash": "e3594318",
  "additional_notes": "Robustness comparison using 32 saboteur attack samples per circuit."
}