{
  "metadata": {
    "timestamp": "2025-12-02T09:11:42.413888",
    "n_qubits": 3,
    "num_runs": 1,
    "samples_per_circuit": 32,
    "statistical_protocol": {
      "aggregation_method": "mean \u00b1 std",
      "samples_per_circuit": 32
    }
  },
  "vanilla": [
    {
      "clean_fidelity": 0.9999996721744535,
      "mean_attacked": 0.9606831222772597,
      "min_attacked": 0.9606831222772597,
      "std_attacked": 0.0,
      "samples": [
        0.9606831222772597,
        0.9606831222772597,
        0.9606831222772597,
        0.9606831222772597,
        0.9606831222772597,
        0.9606831222772597,
        0.9606831222772597,
        0.9606831222772597,
        0.9606831222772597,
        0.9606831222772597,
        0.9606831222772597,
        0.9606831222772597,
        0.9606831222772597,
        0.9606831222772597,
        0.9606831222772597,
        0.9606831222772597,
        0.9606831222772597,
        0.9606831222772597,
        0.9606831222772597,
        0.9606831222772597,
        0.9606831222772597,
        0.9606831222772597,
        0.9606831222772597,
        0.9606831222772597,
        0.9606831222772597,
        0.9606831222772597,
        0.9606831222772597,
        0.9606831222772597,
        0.9606831222772597,
        0.9606831222772597,
        0.9606831222772597,
        0.9606831222772597
      ]
    }
  ],
  "robust": [
    {
      "clean_fidelity": 0.9999994784593581,
      "mean_attacked": 0.9703535437583921,
      "min_attacked": 0.9703535437583921,
      "std_attacked": 0.0,
      "samples": [
        0.9703535437583921,
        0.9703535437583921,
        0.9703535437583921,
        0.9703535437583921,
        0.9703535437583921,
        0.9703535437583921,
        0.9703535437583921,
        0.9703535437583921,
        0.9703535437583921,
        0.9703535437583921,
        0.9703535437583921,
        0.9703535437583921,
        0.9703535437583921,
        0.9703535437583921,
        0.9703535437583921,
        0.9703535437583921,
        0.9703535437583921,
        0.9703535437583921,
        0.9703535437583921,
        0.9703535437583921,
        0.9703535437583921,
        0.9703535437583921,
        0.9703535437583921,
        0.9703535437583921,
        0.9703535437583921,
        0.9703535437583921,
        0.9703535437583921,
        0.9703535437583921,
        0.9703535437583921,
        0.9703535437583921,
        0.9703535437583921,
        0.9703535437583921
      ]
    }
  ],
  "aggregated": {
    "vanilla": {
      "mean": 0.9606831222772597,
      "std": 0.0,
      "median": 0.9606831222772597,
      "min": 0.9606831222772597,
      "max": 0.9606831222772597,
      "n": 1,
      "sem": 0.0,
      "ci_lower": 0.9606831222772597,
      "ci_upper": 0.9606831222772597
    },
    "robust": {
      "mean": 0.9703535437583921,
      "std": 0.0,
      "median": 0.9703535437583921,
      "min": 0.9703535437583921,
      "max": 0.9703535437583921,
      "n": 1,
      "sem": 0.0,
      "ci_lower": 0.9703535437583921,
      "ci_upper": 0.9703535437583921
    }
  }
}