{
  "experiment_name": "circuit_robustness_comparison",
  "timestamp": "2025-12-03T02:52:16.571597",
  "statistical_protocol": {
    "n_seeds": 5,
    "seeds_used": [
      0,
      1,
      2,
      3,
      4
    ],
    "aggregation_method": "mean \u00b1 std (sample standard deviation with ddof=1)",
    "confidence_level": 0.95
  },
  "hyperparameters": {
    "n_qubits": 3,
    "num_runs": 5,
    "samples_per_circuit": 32
  },
  "aggregated_results": {
    "vanilla_fidelity": {
      "mean": 0.8019636273384092,
      "std": 0.0,
      "median": 0.8019636273384092,
      "min": 0.8019636273384092,
      "max": 0.8019636273384092,
      "n": 5,
      "sem": 0.0,
      "ci_lower": 0.8019636273384092,
      "ci_upper": 0.8019636273384092
    },
    "robust_fidelity": {
      "mean": 0.9126533091068266,
      "std": 0.0409380536942424,
      "median": 0.9293828308582304,
      "min": 0.8676368296146391,
      "max": 0.9543652534484861,
      "n": 5,
      "sem": 0.01830805418537248,
      "ci_lower": 0.8618220016781531,
      "ci_upper": 0.9634846165355001
    }
  },
  "commit_hash": "904eae19",
  "additional_notes": "Robustness comparison using 32 saboteur attack samples per circuit."
}