{
  "experiment_name": "cross_noise_robustness",
  "timestamp": "2025-12-03T07:52:14.333197",
  "statistical_protocol": {
    "n_seeds": 5,
    "seeds_used": [
      0,
      1,
      2,
      3,
      4
    ],
    "aggregation_method": "mean \u00b1 std (sample standard deviation with ddof=1)",
    "confidence_level": 0.95
  },
  "hyperparameters": {
    "n_qubits": 3,
    "epsilon_range": [
      0.0,
      0.2
    ],
    "n_epsilon_points": 20,
    "p_x_asymmetric": 0.05
  },
  "aggregated_results": {
    "baseline_over_rotation_retention": {
      "mean": 0.2991729847963599,
      "std": 0.1640021837138617,
      "median": 0.32208055272073377,
      "min": 0.042950440838194506,
      "max": 0.4895404221794072,
      "n": 20,
      "sem": 0.03667200312426036,
      "ci_lower": 0.22241760013394798,
      "ci_upper": 0.37592836945877184
    },
    "robust_over_rotation_retention": {
      "mean": 0.9143607603663317,
      "std": 0.08051633876173712,
      "median": 0.9369584983134046,
      "min": 0.7522702776233893,
      "max": 0.9999997764825788,
      "n": 20,
      "sem": 0.018004000677064546,
      "ci_lower": 0.876677953873653,
      "ci_upper": 0.9520435668590105
    }
  },
  "noise_parameters": {
    "epsilon_range": [
      0.0,
      0.2
    ],
    "p_x_asymmetric": 0.05
  },
  "commit_hash": "3d6eb35c",
  "additional_notes": "Cross-noise robustness test for coherent over-rotation and asymmetric Pauli noise."
}