{
  "experiment_name": "cross_noise_robustness",
  "timestamp": "2025-12-03T02:10:19.744568",
  "statistical_protocol": {
    "n_seeds": 5,
    "seeds_used": [
      0,
      1,
      2,
      3,
      4
    ],
    "aggregation_method": "mean \u00b1 std (sample standard deviation with ddof=1)",
    "confidence_level": 0.95
  },
  "hyperparameters": {
    "n_qubits": 3,
    "epsilon_range": [
      0.0,
      0.2
    ],
    "n_epsilon_points": 20,
    "p_x_asymmetric": 0.05
  },
  "aggregated_results": {
    "baseline_over_rotation_retention": {
      "mean": 0.6624798292282119,
      "std": 0.2476158757993004,
      "median": 0.6574799065279904,
      "min": 0.32815084699695396,
      "max": 1.0,
      "n": 20,
      "sem": 0.05536859305953807,
      "ci_lower": 0.5465920320958564,
      "ci_upper": 0.7783676263605674
    },
    "robust_over_rotation_retention": {
      "mean": 0.9797947931167361,
      "std": 0.018926418488559766,
      "median": 0.985053091350382,
      "min": 0.9414833153178283,
      "max": 1.0,
      "n": 20,
      "sem": 0.004232075831102846,
      "ci_lower": 0.9709369566021581,
      "ci_upper": 0.9886526296313142
    }
  },
  "noise_parameters": {
    "epsilon_range": [
      0.0,
      0.2
    ],
    "p_x_asymmetric": 0.05
  },
  "commit_hash": "904eae19",
  "additional_notes": "Cross-noise robustness test for coherent over-rotation and asymmetric Pauli noise."
}