{
  "experiment_name": "circuit_robustness_comparison",
  "timestamp": "2025-12-10T10:49:56.705894",
  "statistical_protocol": {
    "n_seeds": 5,
    "seeds_used": [
      0,
      1,
      2,
      3,
      4
    ],
    "aggregation_method": "mean \u00b1 std (sample standard deviation with ddof=1)",
    "confidence_level": 0.95
  },
  "hyperparameters": {
    "n_qubits": 4,
    "num_runs": 5,
    "samples_per_circuit": 100
  },
  "aggregated_results": {
    "vanilla_fidelity": {
      "mean": 0.4137435322701931,
      "std": 0.0706227254366281,
      "median": 0.43018660791218283,
      "min": 0.33638814687728874,
      "max": 0.5109502492845057,
      "n": 5,
      "sem": 0.03158344296652079,
      "ci_lower": 0.32605383664050264,
      "ci_upper": 0.5014332278998836
    },
    "robust_fidelity": {
      "mean": 0.6117778776884079,
      "std": 0.11276468491602606,
      "median": 0.6426499934494494,
      "min": 0.47535541251301766,
      "max": 0.7344181984663009,
      "n": 5,
      "sem": 0.050429900186715886,
      "ci_lower": 0.47176202815938695,
      "ci_upper": 0.7517937272174288
    },
    "quantumnas_fidelity": {
      "mean": 0.6701023918688296,
      "std": 0.006530213641528805,
      "median": 0.6721131315827368,
      "min": 0.6629872933030128,
      "max": 0.6786983487010002,
      "n": 5,
      "sem": 0.00292040032201097,
      "ci_lower": 0.6619940606895641,
      "ci_upper": 0.678210723048095
    },
    "vanilla_counts": {
      "gate_count_mean": 19.2,
      "gate_count_std": 2.4,
      "cnot_count_mean": 16.8,
      "cnot_count_std": 1.1661903789690602
    },
    "robust_counts": {
      "gate_count_mean": 14.2,
      "gate_count_std": 4.445222154178573,
      "cnot_count_mean": 8.0,
      "cnot_count_std": 3.0983866769659336
    },
    "quantumnas_counts": {
      "gate_count_mean": 14.0,
      "gate_count_std": 0.0,
      "cnot_count_mean": 6.0,
      "cnot_count_std": 0.0
    }
  },
  "commit_hash": "15d9485b",
  "additional_notes": "Robustness comparison using 100 attack samples per circuit. Primary attack mode: random_high. Other evaluated modes: random_high, asymmetric_noise, over_rotation, amplitude_damping, phase_damping, readout"
}