{
  "experiment_name": "parameter_recovery",
  "timestamp": "2025-12-10T19:19:34.154487",
  "statistical_protocol": {
    "n_seeds": 5,
    "seeds_used": [
      0,
      1,
      2,
      3,
      4
    ],
    "aggregation_method": "mean \u00b1 std (sample standard deviation with ddof=1)",
    "confidence_level": 0.95
  },
  "hyperparameters": {
    "n_qubits": 4,
    "p_values": [
      0.02,
      0.05,
      0.08,
      0.12,
      0.16,
      0.2,
      0.25
    ],
    "n_shots": 150,
    "n_repetitions": 5,
    "base_seed": 42,
    "noise_model": "asymmetric",
    "asymmetric_params": {
      "p_x": 0.08,
      "p_y": 0.02,
      "p_z": 0.02
    }
  },
  "aggregated_results": {
    "baseline_mean_abs_error": {
      "mean": 0.007522851278159317,
      "std": 0.010995678749855693,
      "median": 0.002647913012620506,
      "min": 4.281625026802405e-05,
      "max": 0.025513314880788333,
      "n": 7,
      "sem": 0.0041559759240679655,
      "ci_lower": -0.0026464554635157525,
      "ci_upper": 0.017692158019834387
    },
    "robust_mean_abs_error": {
      "mean": 0.002322517772995513,
      "std": 0.00366938545544177,
      "median": 0.0008604780747738572,
      "min": 3.6167876376592276e-05,
      "max": 0.010134702290833542,
      "n": 7,
      "sem": 0.0013868973399337719,
      "ci_lower": -0.0010710977644098662,
      "ci_upper": 0.0057161333104008925
    },
    "quantumnas_mean_abs_error": {
      "mean": 0.0004805284055213883,
      "std": 0.0005717725691289396,
      "median": 0.0001297028144331025,
      "min": 4.2682709569448475e-05,
      "max": 0.001547667760446797,
      "n": 7,
      "sem": 0.0002161097177719516,
      "ci_lower": -4.827302404239464e-05,
      "ci_upper": 0.0010093298350851714
    }
  },
  "noise_seeds": [
    42000000,
    42000001,
    42000002,
    42000003,
    42000004,
    42001000,
    42001001,
    42001002,
    42001003,
    42001004,
    42002000,
    42002001,
    42002002,
    42002003,
    42002004,
    42003000,
    42003001,
    42003002,
    42003003,
    42003004,
    42004000,
    42004001,
    42004002,
    42004003,
    42004004,
    42005000,
    42005001,
    42005002,
    42005003,
    42005004,
    42006000,
    42006001,
    42006002,
    42006003,
    42006004,
    1452065410,
    1452065411,
    1452065412,
    1452065413,
    1452065414,
    1452066410,
    1452066411,
    1452066412,
    1452066413,
    1452066414,
    1452067410,
    1452067411,
    1452067412,
    1452067413,
    1452067414,
    1452068410,
    1452068411,
    1452068412,
    1452068413,
    1452068414,
    1452069410,
    1452069411,
    1452069412,
    1452069413,
    1452069414,
    1452070410,
    1452070411,
    1452070412,
    1452070413,
    1452070414,
    1452071410,
    1452071411,
    1452071412,
    1452071413,
    1452071414,
    2862130820,
    2862130821,
    2862130822,
    2862130823,
    2862130824,
    2862131820,
    2862131821,
    2862131822,
    2862131823,
    2862131824,
    2862132820,
    2862132821,
    2862132822,
    2862132823,
    2862132824,
    2862133820,
    2862133821,
    2862133822,
    2862133823,
    2862133824,
    2862134820,
    2862134821,
    2862134822,
    2862134823,
    2862134824,
    2862135820,
    2862135821,
    2862135822,
    2862135823,
    2862135824,
    2862136820,
    2862136821,
    2862136822,
    2862136823,
    2862136824
  ],
  "noise_parameters": {
    "p_values": [
      0.02,
      0.05,
      0.08,
      0.12,
      0.16,
      0.2,
      0.25
    ],
    "depolarizing_noise": true
  },
  "commit_hash": "15d9485b",
  "additional_notes": "Parameter recovery experiment testing noise estimation accuracy."
}