{
  "experiment_name": "circuit_robustness_comparison",
  "timestamp": "2025-11-28T07:20:44.216793",
  "statistical_protocol": {
    "n_seeds": 1,
    "seeds_used": [
      0
    ],
    "aggregation_method": "mean \u00b1 std (sample standard deviation with ddof=1)",
    "confidence_level": 0.95
  },
  "hyperparameters": {
    "n_qubits": 3,
    "num_runs": 1,
    "samples_per_circuit": 32
  },
  "aggregated_results": {
    "vanilla_fidelity": {
      "mean": 0.8371385696809737,
      "std": 0.0,
      "median": 0.8371385696809737,
      "min": 0.8371385696809737,
      "max": 0.8371385696809737,
      "n": 1,
      "sem": 0.0,
      "ci_lower": 0.8371385696809737,
      "ci_upper": 0.8371385696809737
    },
    "robust_fidelity": {
      "mean": 0.9744684016332028,
      "std": 0.0,
      "median": 0.9744684016332028,
      "min": 0.9744684016332028,
      "max": 0.9744684016332028,
      "n": 1,
      "sem": 0.0,
      "ci_lower": 0.9744684016332028,
      "ci_upper": 0.9744684016332028
    }
  },
  "commit_hash": "1b02c163",
  "additional_notes": "Robustness comparison using 32 saboteur attack samples per circuit."
}