{
  "experiment_name": "cross_noise_robustness",
  "timestamp": "2025-12-11T00:29:22.111519",
  "statistical_protocol": {
    "n_seeds": 5,
    "seeds_used": [
      0,
      1,
      2,
      3,
      4
    ],
    "aggregation_method": "mean \u00b1 std (sample standard deviation with ddof=1)",
    "confidence_level": 0.95
  },
  "hyperparameters": {
    "n_qubits": 5,
    "epsilon_range": [
      0.0,
      0.2
    ],
    "n_epsilon_points": 20,
    "p_x_asymmetric": 0.05
  },
  "aggregated_results": {
    "baseline_over_rotation_retention": {
      "mean": 0.6996853325328429,
      "std": 0.2279154884289612,
      "median": 0.7078237433924524,
      "min": 0.35521618903971847,
      "max": 1.0,
      "n": 20,
      "sem": 0.0509634525252224,
      "ci_lower": 0.5930176005018589,
      "ci_upper": 0.8063530645638269
    },
    "robust_over_rotation_retention": {
      "mean": 0.7902064198378576,
      "std": 0.17324751018427473,
      "median": 0.8159513959855673,
      "min": 0.4925225670649151,
      "max": 1.0,
      "n": 20,
      "sem": 0.03873932097046254,
      "ci_lower": 0.7091240891952371,
      "ci_upper": 0.871288750480478
    }
  },
  "noise_parameters": {
    "epsilon_range": [
      0.0,
      0.2
    ],
    "p_x_asymmetric": 0.05
  },
  "commit_hash": "15d9485b",
  "additional_notes": "Cross-noise robustness test for coherent over-rotation and asymmetric Pauli noise."
}