{
  "experiment_name": "parameter_recovery",
  "timestamp": "2025-12-01T06:56:43.225909",
  "statistical_protocol": {
    "n_seeds": 5,
    "seeds_used": [
      0,
      1,
      2,
      3,
      4
    ],
    "aggregation_method": "mean \u00b1 std (sample standard deviation with ddof=1)",
    "confidence_level": 0.95
  },
  "hyperparameters": {
    "n_qubits": 3,
    "p_values": [
      0.001,
      0.005,
      0.01,
      0.02,
      0.05,
      0.08,
      0.1
    ],
    "n_shots": 1000,
    "n_repetitions": 5,
    "base_seed": 42
  },
  "aggregated_results": {
    "baseline_mean_abs_error": {
      "mean": 4.15603881521213e-05,
      "std": 6.187687589857863e-05,
      "median": 1.4172099552487577e-05,
      "min": 2.2204263201087723e-06,
      "max": 0.00017371806405999391,
      "n": 7,
      "sem": 2.3387260790463624e-05,
      "ci_lower": -1.56661774418822e-05,
      "ci_upper": 9.87869537461248e-05
    },
    "robust_mean_abs_error": {
      "mean": 4.2931302601229006e-05,
      "std": 5.457729386162968e-05,
      "median": 1.6216099493278693e-05,
      "min": 4.101028535313193e-06,
      "max": 0.00013982693902244713,
      "n": 7,
      "sem": 2.0628278112680593e-05,
      "ci_lower": -7.5442755814035165e-06,
      "ci_upper": 9.340688078386153e-05
    }
  },
  "noise_seeds": [
    42000000,
    42000001,
    42000002,
    42000003,
    42000004,
    42001000,
    42001001,
    42001002,
    42001003,
    42001004,
    42002000,
    42002001,
    42002002,
    42002003,
    42002004,
    42003000,
    42003001,
    42003002,
    42003003,
    42003004,
    42004000,
    42004001,
    42004002,
    42004003,
    42004004,
    42005000,
    42005001,
    42005002,
    42005003,
    42005004,
    42006000,
    42006001,
    42006002,
    42006003,
    42006004,
    1452065410,
    1452065411,
    1452065412,
    1452065413,
    1452065414,
    1452066410,
    1452066411,
    1452066412,
    1452066413,
    1452066414,
    1452067410,
    1452067411,
    1452067412,
    1452067413,
    1452067414,
    1452068410,
    1452068411,
    1452068412,
    1452068413,
    1452068414,
    1452069410,
    1452069411,
    1452069412,
    1452069413,
    1452069414,
    1452070410,
    1452070411,
    1452070412,
    1452070413,
    1452070414,
    1452071410,
    1452071411,
    1452071412,
    1452071413,
    1452071414
  ],
  "noise_parameters": {
    "p_values": [
      0.001,
      0.005,
      0.01,
      0.02,
      0.05,
      0.08,
      0.1
    ],
    "depolarizing_noise": true
  },
  "commit_hash": "4ff64401",
  "additional_notes": "Parameter recovery experiment testing noise estimation accuracy."
}