{
  "metadata": {
    "timestamp": "2025-12-01T05:09:09.097746",
    "n_qubits": 3,
    "num_runs": 1,
    "samples_per_circuit": 32,
    "statistical_protocol": {
      "aggregation_method": "mean \u00b1 std",
      "samples_per_circuit": 32
    }
  },
  "vanilla": [
    {
      "clean_fidelity": 0.728552609682083,
      "mean_attacked": 0.671926871407777,
      "min_attacked": 0.6412687748670577,
      "std_attacked": 0.012722006885223163,
      "samples": [
        0.6874253973364828,
        0.6822753697633742,
        0.6807284578680991,
        0.6754376962780951,
        0.6834652796387671,
        0.6925848275423049,
        0.6782168969511985,
        0.65762460231781,
        0.666054807603359,
        0.6687388494610785,
        0.6641478165984152,
        0.6839843690395355,
        0.6823065578937529,
        0.667355254292488,
        0.6412687748670577,
        0.6593789011240004,
        0.6751547157764434,
        0.6553748846054076,
        0.6748561114072799,
        0.6597925499081612,
        0.6941930353641509,
        0.6581598296761512,
        0.68335472792387,
        0.6449517160654067,
        0.6830253899097442,
        0.6746489256620407,
        0.6813322007656096,
        0.6808897554874419,
        0.6615013927221297,
        0.6648240089416502,
        0.6709577217698095,
        0.667649060487747
      ]
    }
  ],
  "robust": [
    {
      "clean_fidelity": 0.9999999403953551,
      "mean_attacked": 0.9623732380568979,
      "min_attacked": 0.9264044463634489,
      "std_attacked": 0.014219089352575338,
      "samples": [
        0.9563401639461514,
        0.9499957859516143,
        0.9563508033752439,
        0.9828101992607116,
        0.9519182145595549,
        0.9264044463634489,
        0.9639605283737183,
        0.9614639282226561,
        0.9601149857044218,
        0.9788901209831237,
        0.9841020107269285,
        0.9463274478912352,
        0.9946749210357665,
        0.9588398635387418,
        0.9575823545455932,
        0.9368204474449154,
        0.9646530747413634,
        0.9544922709465025,
        0.9506026208400723,
        0.9749107658863067,
        0.9563352465629577,
        0.967211365699768,
        0.9608231782913207,
        0.9600814580917356,
        0.9763037860393522,
        0.946276307106018,
        0.9736782908439635,
        0.9834575951099394,
        0.9568700790405271,
        0.975631386041641,
        0.9614518880844116,
        0.9665680825710296
      ]
    }
  ],
  "aggregated": {
    "vanilla": {
      "mean": 0.671926871407777,
      "std": 0.0,
      "median": 0.671926871407777,
      "min": 0.671926871407777,
      "max": 0.671926871407777,
      "n": 1,
      "sem": 0.0,
      "ci_lower": 0.671926871407777,
      "ci_upper": 0.671926871407777
    },
    "robust": {
      "mean": 0.9623732380568979,
      "std": 0.0,
      "median": 0.9623732380568979,
      "min": 0.9623732380568979,
      "max": 0.9623732380568979,
      "n": 1,
      "sem": 0.0,
      "ci_lower": 0.9623732380568979,
      "ci_upper": 0.9623732380568979
    }
  }
}