{
  "seed": 1,
  "lambda": 0.005,
  "final_fidelity": 0.12499996274709702,
  "best_fidelity": 0.4999999403953552,
  "cnot_count": 13,
  "success": false,
  "training_steps": 1000,
  "fidelity_history": [
    0.0,
    0.12499997764825821,
    0.062499966472387314,
    0.0,
    0.0,
    0.0624999925494194,
    0.12499997764825821,
    0.0,
    0.031249988824129105,
    0.0,
    0.10669415444135666,
    0.0,
    0.0,
    0.10669415444135666,
    0.0,
    0.10669412463903427,
    0.12499997764825821,
    0.0183058213442564,
    0.0,
    0.4999999403953552,
    0.0,
    0.0624999925494194,
    0.0,
    0.0366116426885128,
    0.21338830888271332,
    0.2499999701976776,
    0.12499996274709702
  ],
  "step_history": [
    31,
    77,
    114,
    156,
    194,
    229,
    271,
    306,
    350,
    386,
    429,
    468,
    507,
    548,
    588,
    626,
    659,
    697,
    724,
    755,
    792,
    829,
    871,
    903,
    940,
    976,
    1011
  ]
}