{
  "0.01": {
    "trials": [
      {
        "final_fidelity": 0.4999999403953552,
        "best_fidelity": 0.9999998211860657,
        "cnot_count": 3,
        "success": true
      }
    ],
    "success_rate": 1.0,
    "cnot_mean": 3.0,
    "cnot_median": 3.0,
    "cnot_std": 0.0,
    "fidelity_mean": 0.9999998211860657,
    "fidelity_std": 0.0
  },
  "0.005": {
    "trials": [
      {
        "final_fidelity": 0.4999999403953552,
        "best_fidelity": 0.9999998807907104,
        "cnot_count": 5,
        "success": true
      }
    ],
    "success_rate": 1.0,
    "cnot_mean": 5.0,
    "cnot_median": 5.0,
    "cnot_std": 0.0,
    "fidelity_mean": 0.9999998807907104,
    "fidelity_std": 0.0
  },
  "0.05": {
    "trials": [
      {
        "final_fidelity": 0.4999999403953552,
        "best_fidelity": 0.9999998807907104,
        "cnot_count": 6,
        "success": true
      }
    ],
    "success_rate": 1.0,
    "cnot_mean": 6.0,
    "cnot_median": 6.0,
    "cnot_std": 0.0,
    "fidelity_mean": 0.9999998807907104,
    "fidelity_std": 0.0
  },
  "0.1": {
    "trials": [
      {
        "final_fidelity": 0.4999999403953552,
        "best_fidelity": 0.9999998807907104,
        "cnot_count": 3,
        "success": true
      }
    ],
    "success_rate": 1.0,
    "cnot_mean": 3.0,
    "cnot_median": 3.0,
    "cnot_std": 0.0,
    "fidelity_mean": 0.9999998807907104,
    "fidelity_std": 0.0
  }
}