{
  "metadata": {
    "timestamp": "2025-12-04T01:23:22.572867",
    "n_qubits": 3,
    "num_runs": 1,
    "samples_per_circuit": 1,
    "statistical_protocol": {
      "aggregation_method": "mean \u00b1 std",
      "samples_per_circuit": 1
    }
  },
  "vanilla": [
    {
      "clean_fidelity": 0.9999999403953551,
      "mean_attacked": 0.32835293561220164,
      "min_attacked": 0.32835293561220164,
      "std_attacked": 0.0,
      "samples": [
        0.32835293561220164
      ],
      "circuit_path": "results/run_20251203-052208/compare/run_0/circuit_vanilla.json"
    }
  ],
  "robust": [
    {
      "clean_fidelity": 0.9999999403953551,
      "mean_attacked": 0.6304538846015929,
      "min_attacked": 0.6304538846015929,
      "std_attacked": 0.0,
      "samples": [
        0.6304538846015929
      ],
      "circuit_path": "results/run_20251203-052208/compare/run_0/circuit_robust.json"
    }
  ],
  "quantumnas": [
    {
      "clean_fidelity": 0.9999317824840543,
      "mean_attacked": 0.5272779315710068,
      "min_attacked": 0.5272779315710068,
      "std_attacked": 0.0,
      "samples": [
        0.5272779315710068
      ],
      "circuit_path": "results/run_20251203-052208/compare/run_0/circuit_quantumnas.json"
    }
  ],
  "aggregated": {
    "vanilla": {
      "mean": 0.32835293561220164,
      "std": 0.0,
      "median": 0.32835293561220164,
      "min": 0.32835293561220164,
      "max": 0.32835293561220164,
      "n": 1,
      "sem": 0.0,
      "ci_lower": 0.32835293561220164,
      "ci_upper": 0.32835293561220164
    },
    "robust": {
      "mean": 0.6304538846015929,
      "std": 0.0,
      "median": 0.6304538846015929,
      "min": 0.6304538846015929,
      "max": 0.6304538846015929,
      "n": 1,
      "sem": 0.0,
      "ci_lower": 0.6304538846015929,
      "ci_upper": 0.6304538846015929
    },
    "quantumnas": {
      "mean": 0.5272779315710068,
      "std": 0.0,
      "median": 0.5272779315710068,
      "min": 0.5272779315710068,
      "max": 0.5272779315710068,
      "n": 1,
      "sem": 0.0,
      "ci_lower": 0.5272779315710068,
      "ci_upper": 0.5272779315710068
    }
  }
}