{
  "experiment_name": "lambda_sweep",
  "timestamp": "2025-12-05T12:31:37.890806",
  "statistical_protocol": {
    "n_seeds": 5,
    "seeds_used": [
      0,
      1,
      2,
      3,
      4
    ],
    "aggregation_method": "mean \u00b1 std (sample standard deviation with ddof=1)",
    "confidence_level": 0.95
  },
  "hyperparameters": {
    "lambda_values": [
      0.001,
      0.005,
      0.01,
      0.05,
      0.1
    ],
    "n_qubits": 3,
    "training_steps": 60000,
    "fidelity_threshold": 0.99,
    "max_circuit_timesteps": 15,
    "n_steps_per_update": 2048,
    "include_rotations": true,
    "rotation_types": [
      "Rz",
      "Rx"
    ]
  },
  "aggregated_results": {
    "lambda_0.001": {
      "mean": 0.999999940395355,
      "std": 1.2412670766236366e-16,
      "median": 0.9999999403953551,
      "min": 0.9999999403953551,
      "max": 0.9999999403953551,
      "n": 5,
      "sem": 5.551115123125783e-17,
      "ci_lower": 0.9999999403953549,
      "ci_upper": 0.9999999403953551
    },
    "lambda_0.005": {
      "mean": 0.999999940395355,
      "std": 1.2412670766236366e-16,
      "median": 0.9999999403953551,
      "min": 0.9999999403953551,
      "max": 0.9999999403953551,
      "n": 5,
      "sem": 5.551115123125783e-17,
      "ci_lower": 0.9999999403953549,
      "ci_upper": 0.9999999403953551
    },
    "lambda_0.01": {
      "mean": 0.999999940395355,
      "std": 1.2412670766236366e-16,
      "median": 0.9999999403953551,
      "min": 0.9999999403953551,
      "max": 0.9999999403953551,
      "n": 5,
      "sem": 5.551115123125783e-17,
      "ci_lower": 0.9999999403953549,
      "ci_upper": 0.9999999403953551
    },
    "lambda_0.05": {
      "mean": 0.999999940395355,
      "std": 1.2412670766236366e-16,
      "median": 0.9999999403953551,
      "min": 0.9999999403953551,
      "max": 0.9999999403953551,
      "n": 5,
      "sem": 5.551115123125783e-17,
      "ci_lower": 0.9999999403953549,
      "ci_upper": 0.9999999403953551
    },
    "lambda_0.1": {
      "mean": 0.9999999284744261,
      "std": 2.665600754815091e-08,
      "median": 0.9999999403953551,
      "min": 0.9999998807907102,
      "max": 0.9999999403953551,
      "n": 5,
      "sem": 1.1920928977282586e-08,
      "ci_lower": 0.9999998953766212,
      "ci_upper": 0.999999961572231
    }
  },
  "commit_hash": "73bdbbc3",
  "additional_notes": "Lambda sweep experiment for hyperparameter sensitivity analysis."
}