{
  "experiment_name": "cross_noise_robustness",
  "timestamp": "2025-12-13T10:01:59.425612",
  "statistical_protocol": {
    "n_seeds": 5,
    "seeds_used": [
      0,
      1,
      2,
      3,
      4
    ],
    "aggregation_method": "mean \u00b1 std (sample standard deviation with ddof=1)",
    "confidence_level": 0.95
  },
  "hyperparameters": {
    "n_qubits": 3,
    "epsilon_range": [
      0.0,
      0.2
    ],
    "n_epsilon_points": 20,
    "p_x_asymmetric": 0.05
  },
  "aggregated_results": {
    "baseline_over_rotation_retention": {
      "mean": 0.7229367278235543,
      "std": 0.2066109468364769,
      "median": 0.744634144317806,
      "min": 0.38315277313621515,
      "max": 0.9903958456273317,
      "n": 20,
      "sem": 0.04619961220219575,
      "ci_lower": 0.6262398281800251,
      "ci_upper": 0.8196336274670836
    },
    "robust_over_rotation_retention": {
      "mean": 0.9699593978869985,
      "std": 0.02803975958014997,
      "median": 0.9776621919075631,
      "min": 0.9134423399665035,
      "max": 1.0,
      "n": 20,
      "sem": 0.00626988084939663,
      "ci_lower": 0.9568363864509376,
      "ci_upper": 0.9830824093230593
    }
  },
  "noise_parameters": {
    "epsilon_range": [
      0.0,
      0.2
    ],
    "p_x_asymmetric": 0.05
  },
  "commit_hash": "e0422ab3",
  "additional_notes": "Cross-noise robustness test for coherent over-rotation and asymmetric Pauli noise."
}