{
  "experiment_name": "cross_noise_robustness",
  "timestamp": "2025-11-28T07:20:48.017752",
  "statistical_protocol": {
    "n_seeds": 5,
    "seeds_used": [
      0,
      1,
      2,
      3,
      4
    ],
    "aggregation_method": "mean \u00b1 std (sample standard deviation with ddof=1)",
    "confidence_level": 0.95
  },
  "hyperparameters": {
    "n_qubits": 3,
    "epsilon_range": [
      0.0,
      0.1
    ],
    "n_epsilon_points": 20,
    "p_x_asymmetric": 0.05
  },
  "aggregated_results": {
    "baseline_over_rotation_retention": {
      "mean": 0.9991451924401031,
      "std": 0.0008058144952745712,
      "median": 0.9993734352575459,
      "min": 0.9975021120444283,
      "max": 1.0,
      "n": 20,
      "sem": 0.00018018559886886243,
      "ci_lower": 0.9987680596474127,
      "ci_upper": 0.9995223252327936
    },
    "robust_over_rotation_retention": {
      "mean": 0.9982917456800784,
      "std": 0.0016098359868273488,
      "median": 0.9987472891060882,
      "min": 0.9950104799872922,
      "max": 1.0,
      "n": 20,
      "sem": 0.00035997026991714076,
      "ci_lower": 0.99753831924627,
      "ci_upper": 0.9990451721138868
    }
  },
  "noise_parameters": {
    "epsilon_range": [
      0.0,
      0.1
    ],
    "p_x_asymmetric": 0.05
  },
  "commit_hash": "1b02c163",
  "additional_notes": "Cross-noise robustness test for coherent over-rotation and asymmetric Pauli noise."
}