{
  "metadata": {
    "timestamp": "2025-12-02T06:41:22.112466",
    "n_qubits": 3,
    "num_runs": 5,
    "samples_per_circuit": 32,
    "statistical_protocol": {
      "aggregation_method": "mean \u00b1 std",
      "samples_per_circuit": 32
    }
  },
  "vanilla": [
    {
      "clean_fidelity": 0.9999996721744535,
      "mean_attacked": 0.9606831222772597,
      "min_attacked": 0.9606831222772597,
      "std_attacked": 0.0,
      "samples": [
        0.9606831222772597,
        0.9606831222772597,
        0.9606831222772597,
        0.9606831222772597,
        0.9606831222772597,
        0.9606831222772597,
        0.9606831222772597,
        0.9606831222772597,
        0.9606831222772597,
        0.9606831222772597,
        0.9606831222772597,
        0.9606831222772597,
        0.9606831222772597,
        0.9606831222772597,
        0.9606831222772597,
        0.9606831222772597,
        0.9606831222772597,
        0.9606831222772597,
        0.9606831222772597,
        0.9606831222772597,
        0.9606831222772597,
        0.9606831222772597,
        0.9606831222772597,
        0.9606831222772597,
        0.9606831222772597,
        0.9606831222772597,
        0.9606831222772597,
        0.9606831222772597,
        0.9606831222772597,
        0.9606831222772597,
        0.9606831222772597,
        0.9606831222772597
      ]
    },
    {
      "clean_fidelity": 0.9999996721744535,
      "mean_attacked": 0.9606831222772597,
      "min_attacked": 0.9606831222772597,
      "std_attacked": 0.0,
      "samples": [
        0.9606831222772597,
        0.9606831222772597,
        0.9606831222772597,
        0.9606831222772597,
        0.9606831222772597,
        0.9606831222772597,
        0.9606831222772597,
        0.9606831222772597,
        0.9606831222772597,
        0.9606831222772597,
        0.9606831222772597,
        0.9606831222772597,
        0.9606831222772597,
        0.9606831222772597,
        0.9606831222772597,
        0.9606831222772597,
        0.9606831222772597,
        0.9606831222772597,
        0.9606831222772597,
        0.9606831222772597,
        0.9606831222772597,
        0.9606831222772597,
        0.9606831222772597,
        0.9606831222772597,
        0.9606831222772597,
        0.9606831222772597,
        0.9606831222772597,
        0.9606831222772597,
        0.9606831222772597,
        0.9606831222772597,
        0.9606831222772597,
        0.9606831222772597
      ]
    },
    {
      "clean_fidelity": 0.9999996721744535,
      "mean_attacked": 0.9606831222772597,
      "min_attacked": 0.9606831222772597,
      "std_attacked": 0.0,
      "samples": [
        0.9606831222772597,
        0.9606831222772597,
        0.9606831222772597,
        0.9606831222772597,
        0.9606831222772597,
        0.9606831222772597,
        0.9606831222772597,
        0.9606831222772597,
        0.9606831222772597,
        0.9606831222772597,
        0.9606831222772597,
        0.9606831222772597,
        0.9606831222772597,
        0.9606831222772597,
        0.9606831222772597,
        0.9606831222772597,
        0.9606831222772597,
        0.9606831222772597,
        0.9606831222772597,
        0.9606831222772597,
        0.9606831222772597,
        0.9606831222772597,
        0.9606831222772597,
        0.9606831222772597,
        0.9606831222772597,
        0.9606831222772597,
        0.9606831222772597,
        0.9606831222772597,
        0.9606831222772597,
        0.9606831222772597,
        0.9606831222772597,
        0.9606831222772597
      ]
    },
    {
      "clean_fidelity": 0.9999996721744535,
      "mean_attacked": 0.9606831222772597,
      "min_attacked": 0.9606831222772597,
      "std_attacked": 0.0,
      "samples": [
        0.9606831222772597,
        0.9606831222772597,
        0.9606831222772597,
        0.9606831222772597,
        0.9606831222772597,
        0.9606831222772597,
        0.9606831222772597,
        0.9606831222772597,
        0.9606831222772597,
        0.9606831222772597,
        0.9606831222772597,
        0.9606831222772597,
        0.9606831222772597,
        0.9606831222772597,
        0.9606831222772597,
        0.9606831222772597,
        0.9606831222772597,
        0.9606831222772597,
        0.9606831222772597,
        0.9606831222772597,
        0.9606831222772597,
        0.9606831222772597,
        0.9606831222772597,
        0.9606831222772597,
        0.9606831222772597,
        0.9606831222772597,
        0.9606831222772597,
        0.9606831222772597,
        0.9606831222772597,
        0.9606831222772597,
        0.9606831222772597,
        0.9606831222772597
      ]
    },
    {
      "clean_fidelity": 0.9999996721744535,
      "mean_attacked": 0.9606831222772597,
      "min_attacked": 0.9606831222772597,
      "std_attacked": 0.0,
      "samples": [
        0.9606831222772597,
        0.9606831222772597,
        0.9606831222772597,
        0.9606831222772597,
        0.9606831222772597,
        0.9606831222772597,
        0.9606831222772597,
        0.9606831222772597,
        0.9606831222772597,
        0.9606831222772597,
        0.9606831222772597,
        0.9606831222772597,
        0.9606831222772597,
        0.9606831222772597,
        0.9606831222772597,
        0.9606831222772597,
        0.9606831222772597,
        0.9606831222772597,
        0.9606831222772597,
        0.9606831222772597,
        0.9606831222772597,
        0.9606831222772597,
        0.9606831222772597,
        0.9606831222772597,
        0.9606831222772597,
        0.9606831222772597,
        0.9606831222772597,
        0.9606831222772597,
        0.9606831222772597,
        0.9606831222772597,
        0.9606831222772597,
        0.9606831222772597
      ]
    }
  ],
  "robust": [
    {
      "clean_fidelity": 0.8535533025860784,
      "mean_attacked": 0.8174248486757276,
      "min_attacked": 0.8174248486757276,
      "std_attacked": 0.0,
      "samples": [
        0.8174248486757276,
        0.8174248486757276,
        0.8174248486757276,
        0.8174248486757276,
        0.8174248486757276,
        0.8174248486757276,
        0.8174248486757276,
        0.8174248486757276,
        0.8174248486757276,
        0.8174248486757276,
        0.8174248486757276,
        0.8174248486757276,
        0.8174248486757276,
        0.8174248486757276,
        0.8174248486757276,
        0.8174248486757276,
        0.8174248486757276,
        0.8174248486757276,
        0.8174248486757276,
        0.8174248486757276,
        0.8174248486757276,
        0.8174248486757276,
        0.8174248486757276,
        0.8174248486757276,
        0.8174248486757276,
        0.8174248486757276,
        0.8174248486757276,
        0.8174248486757276,
        0.8174248486757276,
        0.8174248486757276,
        0.8174248486757276,
        0.8174248486757276
      ]
    },
    {
      "clean_fidelity": 0.9999998211860656,
      "mean_attacked": 0.954300820827484,
      "min_attacked": 0.954300820827484,
      "std_attacked": 0.0,
      "samples": [
        0.954300820827484,
        0.954300820827484,
        0.954300820827484,
        0.954300820827484,
        0.954300820827484,
        0.954300820827484,
        0.954300820827484,
        0.954300820827484,
        0.954300820827484,
        0.954300820827484,
        0.954300820827484,
        0.954300820827484,
        0.954300820827484,
        0.954300820827484,
        0.954300820827484,
        0.954300820827484,
        0.954300820827484,
        0.954300820827484,
        0.954300820827484,
        0.954300820827484,
        0.954300820827484,
        0.954300820827484,
        0.954300820827484,
        0.954300820827484,
        0.954300820827484,
        0.954300820827484,
        0.954300820827484,
        0.954300820827484,
        0.954300820827484,
        0.954300820827484,
        0.954300820827484,
        0.954300820827484
      ]
    },
    {
      "clean_fidelity": 0.9999995380640028,
      "mean_attacked": 0.9112529158592222,