{
  "experiment_name": "circuit_robustness_comparison",
  "timestamp": "2025-12-13T03:27:13.938415",
  "statistical_protocol": {
    "n_seeds": 5,
    "seeds_used": [
      0,
      1,
      2,
      3,
      4
    ],
    "aggregation_method": "mean \u00b1 std (sample standard deviation with ddof=1)",
    "confidence_level": 0.95
  },
  "hyperparameters": {
    "n_qubits": 5,
    "num_runs": 5,
    "samples_per_circuit": 64,
    "rc_zne_scales": [
      0.75,
      1.0,
      1.5,
      2.0,
      3.0
    ],
    "rc_zne_fit": "linear",
    "rc_zne_reps": 3
  },
  "aggregated_results": {
    "vanilla_fidelity": {
      "mean": 0.475119182607159,
      "std": 0.07868194303350015,
      "median": 0.5031603018287569,
      "min": 0.3848225553520024,
      "max": 0.5570107880048454,
      "n": 5,
      "sem": 0.03518763464493447,
      "ci_lower": 0.37742264663374225,
      "ci_upper": 0.5728157185805758
    },
    "robust_fidelity": {
      "mean": 0.45647249098401516,
      "std": 0.08726204608659704,
      "median": 0.426434719003737,
      "min": 0.3676159706665203,
      "max": 0.5759774639736861,
      "n": 5,
      "sem": 0.0390247733810701,
      "ci_lower": 0.34812234994868974,
      "ci_upper": 0.5648226320193406
    },
    "quantumnas_fidelity": {
      "mean": 0.5147824451792985,
      "std": 0.005177264583478656,
      "median": 0.5134629069361836,
      "min": 0.5097532840445638,
      "max": 0.5222341977059841,
      "n": 5,
      "sem": 0.002315343109232082,
      "ci_lower": 0.5083540221368177,
      "ci_upper": 0.5212108682217793
    },
    "vanilla_counts": {
      "gate_count_mean": 17.2,
      "gate_count_std": 1.9390719429665317,
      "cnot_count_mean": 14.6,
      "cnot_count_std": 1.8547236990991407
    },
    "robust_counts": {
      "gate_count_mean": 18.2,
      "gate_count_std": 3.0594117081556713,
      "cnot_count_mean": 14.4,
      "cnot_count_std": 3.0066592756745814
    },
    "quantumnas_counts": {
      "gate_count_mean": 18.0,
      "gate_count_std": 0.0,
      "cnot_count_mean": 8.0,
      "cnot_count_std": 0.0
    }
  },
  "commit_hash": "e0422ab3",
  "additional_notes": "Robustness comparison using 64 attack samples per circuit. Primary attack mode: random_high. Other evaluated modes: random_high, asymmetric_noise, over_rotation, amplitude_damping, phase_damping, readout"
}