{
  "experiment_name": "lambda_sweep",
  "timestamp": "2025-11-28T05:05:57.115625",
  "statistical_protocol": {
    "n_seeds": 5,
    "seeds_used": [
      0,
      1,
      2,
      3,
      4
    ],
    "aggregation_method": "mean \u00b1 std (sample standard deviation with ddof=1)",
    "confidence_level": 0.95
  },
  "hyperparameters": {
    "lambda_values": [
      0.001,
      0.005,
      0.01,
      0.05,
      0.1
    ],
    "n_qubits": 4,
    "training_steps": 1000,
    "fidelity_threshold": 0.99,
    "max_circuit_timesteps": 20,
    "n_steps_per_update": 1024
  },
  "aggregated_results": {
    "lambda_0.001": {
      "mean": 0.3249999612569809,
      "std": 0.1677050783204786,
      "median": 0.2499999701976776,
      "min": 0.1249999850988388,
      "max": 0.4999999403953552,
      "n": 5,
      "sem": 0.07499999105930327,
      "ci_lower": 0.11676660319049964,
      "ci_upper": 0.5332333193234622
    },
    "lambda_0.005": {
      "mean": 0.3249999612569809,
      "std": 0.1677050783204786,
      "median": 0.2499999701976776,
      "min": 0.1249999850988388,
      "max": 0.4999999403953552,
      "n": 5,
      "sem": 0.07499999105930327,
      "ci_lower": 0.11676660319049964,
      "ci_upper": 0.5332333193234622
    },
    "lambda_0.01": {
      "mean": 0.3249999612569809,
      "std": 0.1677050783204786,
      "median": 0.2499999701976776,
      "min": 0.1249999850988388,
      "max": 0.4999999403953552,
      "n": 5,
      "sem": 0.07499999105930327,
      "ci_lower": 0.11676660319049964,
      "ci_upper": 0.5332333193234622
    },
    "lambda_0.05": {
      "mean": 0.3249999612569809,
      "std": 0.1677050783204786,
      "median": 0.2499999701976776,
      "min": 0.1249999850988388,
      "max": 0.4999999403953552,
      "n": 5,
      "sem": 0.07499999105930327,
      "ci_lower": 0.11676660319049964,
      "ci_upper": 0.5332333193234622
    },
    "lambda_0.1": {
      "mean": 0.3249999612569809,
      "std": 0.1677050783204786,
      "median": 0.2499999701976776,
      "min": 0.1249999850988388,
      "max": 0.4999999403953552,
      "n": 5,
      "sem": 0.07499999105930327,
      "ci_lower": 0.11676660319049964,
      "ci_upper": 0.5332333193234622
    }
  },
  "commit_hash": "eb6f3cf0",
  "additional_notes": "Lambda sweep experiment for hyperparameter sensitivity analysis."
}