{
  "experiment_name": "circuit_robustness_comparison",
  "timestamp": "2025-12-08T03:50:06.774894",
  "statistical_protocol": {
    "n_seeds": 5,
    "seeds_used": [
      0,
      1,
      2,
      3,
      4
    ],
    "aggregation_method": "mean \u00b1 std (sample standard deviation with ddof=1)",
    "confidence_level": 0.95
  },
  "hyperparameters": {
    "n_qubits": 3,
    "num_runs": 5,
    "samples_per_circuit": 8
  },
  "aggregated_results": {
    "vanilla_fidelity": {
      "mean": 0.5317322921007872,
      "std": 0.01896786775946295,
      "median": 0.5243618767708539,
      "min": 0.5110708139836787,
      "max": 0.5541648548096418,
      "n": 5,
      "sem": 0.008482688339677157,
      "ci_lower": 0.5081805735811721,
      "ci_upper": 0.5552840106204023
    },
    "robust_fidelity": {
      "mean": 0.8363112322986124,
      "std": 0.0459622994327634,
      "median": 0.8469726145267484,
      "min": 0.7744585275650023,
      "max": 0.8852397762238977,
      "n": 5,
      "sem": 0.020554965186771797,
      "ci_lower": 0.7792414998182886,
      "ci_upper": 0.8933809647789361
    },
    "quantumnas_fidelity": {
      "mean": 0.6426893990486858,
      "std": 0.01864018447572555,
      "median": 0.6539600603282449,
      "min": 0.6191735770553348,
      "max": 0.6579849403351543,
      "n": 5,
      "sem": 0.00833614392017172,
      "ci_lower": 0.6195445530653007,
      "ci_upper": 0.665834245032071
    },
    "vanilla_counts": {
      "gate_count_mean": 16.0,
      "gate_count_std": 0.0,
      "cnot_count_mean": 13.0,
      "cnot_count_std": 0.0
    },
    "robust_counts": {
      "gate_count_mean": 4.8,
      "gate_count_std": 1.16619037896906,
      "cnot_count_mean": 3.4,
      "cnot_count_std": 1.3564659966250538
    },
    "quantumnas_counts": {
      "gate_count_mean": 15.0,
      "gate_count_std": 0.0,
      "cnot_count_mean": 6.0,
      "cnot_count_std": 0.0
    }
  },
  "commit_hash": "73bdbbc3",
  "additional_notes": "Robustness comparison using 8 attack samples per circuit. Primary attack mode: random_high. Other evaluated modes: random_high, amplitude_damping, phase_damping, readout, over_rotation, asymmetric_noise"
}