{
  "experiment_name": "parameter_recovery",
  "timestamp": "2025-12-01T04:59:16.261192",
  "statistical_protocol": {
    "n_seeds": 5,
    "seeds_used": [
      0,
      1,
      2,
      3,
      4
    ],
    "aggregation_method": "mean \u00b1 std (sample standard deviation with ddof=1)",
    "confidence_level": 0.95
  },
  "hyperparameters": {
    "n_qubits": 3,
    "p_values": [
      0.001,
      0.005,
      0.01,
      0.02,
      0.05,
      0.08,
      0.1
    ],
    "n_shots": 1000,
    "n_repetitions": 5,
    "base_seed": 42
  },
  "aggregated_results": {
    "baseline_mean_abs_error": {
      "mean": 0.00024580946829840607,
      "std": 0.0003761048375679842,
      "median": 3.3593663186679694e-05,
      "min": 9.171785859724696e-06,
      "max": 0.0009428881201744954,
      "n": 7,
      "sem": 0.00014215426672760414,
      "ci_lower": -0.00010202949164819146,
      "ci_upper": 0.0005936484282450036
    },
    "robust_mean_abs_error": {
      "mean": 3.1898718723503156e-05,
      "std": 2.779860686381103e-05,
      "median": 2.4760246253276163e-05,
      "min": 6.641788149205734e-06,
      "max": 7.134630122795637e-05,
      "n": 7,
      "sem": 1.0506885793671023e-05,
      "ci_lower": 6.189295356342812e-06,
      "ci_upper": 5.76081420906635e-05
    }
  },
  "noise_seeds": [
    42000000,
    42000001,
    42000002,
    42000003,
    42000004,
    42001000,
    42001001,
    42001002,
    42001003,
    42001004,
    42002000,
    42002001,
    42002002,
    42002003,
    42002004,
    42003000,
    42003001,
    42003002,
    42003003,
    42003004,
    42004000,
    42004001,
    42004002,
    42004003,
    42004004,
    42005000,
    42005001,
    42005002,
    42005003,
    42005004,
    42006000,
    42006001,
    42006002,
    42006003,
    42006004,
    1452065410,
    1452065411,
    1452065412,
    1452065413,
    1452065414,
    1452066410,
    1452066411,
    1452066412,
    1452066413,
    1452066414,
    1452067410,
    1452067411,
    1452067412,
    1452067413,
    1452067414,
    1452068410,
    1452068411,
    1452068412,
    1452068413,
    1452068414,
    1452069410,
    1452069411,
    1452069412,
    1452069413,
    1452069414,
    1452070410,
    1452070411,
    1452070412,
    1452070413,
    1452070414,
    1452071410,
    1452071411,
    1452071412,
    1452071413,
    1452071414
  ],
  "noise_parameters": {
    "p_values": [
      0.001,
      0.005,
      0.01,
      0.02,
      0.05,
      0.08,
      0.1
    ],
    "depolarizing_noise": true
  },
  "commit_hash": "748e0365",
  "additional_notes": "Parameter recovery experiment testing noise estimation accuracy."
}