{
  "metadata": {
    "timestamp": "2025-12-08T03:00:04.147002",
    "n_qubits": 3,
    "num_runs": 5,
    "samples_per_circuit": 32,
    "statistical_protocol": {
      "aggregation_method": "mean \u00b1 std",
      "samples_per_circuit": 32
    }
  },
  "vanilla": [
    {
      "clean_fidelity": 0.9999999403953551,
      "mean_attacked": 0.7082920772954822,
      "min_attacked": 0.6730262041091918,
      "std_attacked": 0.01739308454894963,
      "samples": [
        0.704947918653488,
        0.704947918653488,
        0.7175950407981871,
        0.6939588487148284,
        0.7180468142032622,
        0.6833088696002959,
        0.695225566625595,
        0.7413158118724822,
        0.7057629525661467,
        0.7168063223361967,
        0.7053694128990172,
        0.7418579459190369,
        0.6833089292049408,
        0.7066361606121062,
        0.7175952196121215,
        0.7201648354530333,
        0.7294274270534514,
        0.7298208177089689,
        0.6939588487148284,
        0.6833088696002959,
        0.7057629525661467,
        0.6935373246669768,
        0.6730262041091918,
        0.7418579459190369,
        0.6939588189125059,
        0.7049479484558104,
        0.7049479484558104,
        0.7184945344924925,
        0.7066362500190734,
        0.7295117378234862,
        0.6947195827960967,
        0.7045806944370269
      ],
      "circuit_path": "results/2/compare/run_0/circuit_vanilla.json",
      "gate_count": 16,
      "cnot_count": 15
    },
    {
      "clean_fidelity": 0.9999999403953551,
      "mean_attacked": 0.715371805243194,
      "min_attacked": 0.6828873753547668,
      "std_attacked": 0.020489288187133876,
      "samples": [
        0.7171734869480132,
        0.7295116782188414,
        0.6947194933891295,
        0.7066362798213958,
        0.7057628631591796,
        0.6959863007068633,
        0.7430945932865142,
        0.7413158118724822,
        0.7168063223361967,
        0.6939588487148284,
        0.7295117378234862,
        0.7164129018783568,
        0.7061844468116759,
        0.7544147074222564,
        0.7050022482872008,
        0.7684493362903594,
        0.6973434984683989,
        0.7049479484558104,
        0.7171735763549804,
        0.7066362500190734,
        0.7180468142032622,
        0.7066361904144286,
        0.7295117378234862,
        0.6939588487148284,
        0.7286385595798491,
        0.7523029446601867,
        0.6935373246669768,
        0.7049479484558104,
        0.7286967933177947,
        0.7179885506629944,
        0.6828873753547668,
        0.6837023496627807
      ],
      "circuit_path": "results/2/compare/run_1/circuit_vanilla.json",
      "gate_count": 16,
      "cnot_count": 15
    },
    {
      "clean_fidelity": 0.9999999403953551,
      "mean_attacked": 0.7041648253798485,
      "min_attacked": 0.6828874051570891,
      "std_attacked": 0.01539298462959064,
      "samples": [
        0.7045806944370269,
        0.705002188682556,
        0.7404707074165343,
        0.6959862112998962,
        0.6939587891101836,
        0.704947918653488,
        0.7184945344924925,
        0.6939588487148284,
        0.7164128422737122,
        0.7057629227638244,
        0.7294274270534514,
        0.6833088696002959,
        0.6959862411022185,
        0.6951129138469695,
        0.7286385595798491,
        0.6828874051570891,
        0.6939588487148284,
        0.7290600836277007,
        0.7164128720760344,
        0.695986121892929,
        0.6939587891101836,
        0.7171735763549804,
        0.6943522989749907,
        0.6939588189125059,
        0.705762892961502,
        0.6833088696002959,
        0.695225566625595,
        0.7175951004028319,
        0.6939587891101836,
        0.6845757365226744,
        0.7295116782188414,
        0.6935372948646544
      ],
      "circuit_path": "results/2/compare/run_2/circuit_vanilla.json",
      "gate_count": 16,
      "cnot_count": 15
    },
    {
      "clean_fidelity": 0.9999999403953551,
      "mean_attacked": 0.7083378648385406,
      "min_attacked": 0.6730262041091918,
      "std_attacked": 0.019526685081799524,
      "samples": [
        0.6828873753547667,
        0.704580783843994,
        0.6730262041091918,
        0.695534586906433,
        0.7057628631591796,
        0.6935373246669768,
        0.7168063223361967,
        0.6943522989749907,
        0.7430946230888367,
        0.7295116782188414,
        0.6833088696002959,
        0.716834485530853,
        0.7061844468116759,
        0.6833088696002959,
        0.704947918653488,
        0.7295117676258087,
        0.7662470340728759,
        0.7057628035545348,
        0.7184945344924925,
        0.6935373246669768,
        0.7302723824977874,
        0.7057628631591796,
        0.695534586906433,
        0.6939588487148284,
        0.7066361606121062,
        0.7286385595798491,
        0.7286385595798491,
        0.7294274270534514,
        0.7057628631591796,
        0.6939587891101836,
        0.7050022184848783,
        0.6959863007068633
      ],
      "circuit_path": "results/2/compare/run_3/circuit_vanilla.json",
      "gate_count": 16,
      "cnot_count": 15
    },
    {
      "clean_fidelity": 0.9999999403953551,
      "mean_attacked": 0.7097696634009478,
      "min_attacked": 0.6734197437763213,
      "std_attacked": 0.018404092266526246,
      "samples": [
        0.7066362500190734,
        0.6943522691726683,
        0.704947918653488,
        0.6734197437763213,
        0.6935373246669768,
        0.7290600836277007,
        0.7045807242393493,
        0.695225566625595,
        0.7066362500190734,
        0.7409223318099974,
        0.7426106333732604,
        0.7426106333732604,
        0.6833088994026183,
        0.6935372948646544,
        0.7175952196121215,
        0.7053694128990172,
        0.7180468142032622,
        0.7413158416748046,
        0.7175950407981871,
        0.6837024092674254,
        0.7057628631591796,
        0.7050022482872008,
        0.7061301767826079,
        0.7201648354530333,
        0.705002188682556,
        0.704947918653488,
        0.694352239370346,
        0.729427397251129,
        0.6939588189125059,
        0.6939588487148284,
        0.7413158416748046,
        0.717595189809799
      ],
      "circuit_path": "results/2/compare/run_4/circuit_vanilla.json",
      "gate_count": 16,
      "cnot_count": 15
    }
  ],
  "robust": [
    {
      "clean_fidelity": 0.9999999403953551,
      "mean_attacked": 0.7912706434726713,
      "min_attacked": 0.7912706434726713,
      "std_attacked": 0.0,
      "samples": [
        0.7912706434726713,
        0.7912706434726713,
        0.7912706434726713,
        0.7912706434726713,
        0.7912706434726713,
        0.7912706434726713,
        0.7912706434726713,
        0.7912706434726713,
        0.7912706434726713,
        0.7912706434726713,
        0.7912706434726713,
        0.7912706434726713,
        0.7912706434726713,
        0.7912706434726713,
        0.7912706434726713,
        0.7912706434726713,
        0.7912706434726713,
        0.7912706434726713,
        0.7912706434726713,
        0.7912706434726713,
        0.7912706434726713,
        0.7912706434726713,
        0.7912706434726713,
        0.7912706434726713,
        0.7912706434726713,
        0.7912706434726713,
        0.7912706434726713,
        0.7912706434726713,
        0.7912706434726713,
        0.7912706434726713,
        0.7912706434726713,
        0.7912706434726713
      ],
      "circuit_path": "results/2/compare/run_0/circuit_robust.json",
      "gate_count": 3,
      "cnot_count": 2
    },
    {
      "clean_fidelity": 0.9999999403953551,
      "mean_attacked": 0.8026837967336177,
      "min_attacked": 0.7641371488571166,
      "std_attacked": 0.023141079978090284,