{
  "molecule": "LiH",
  "n_qubits": 4,
  "seed": 43,
  "best_attacked_energy": -0.06564520103159957,
  "best_clean_energy": -0.06564520103159957,
  "best_gate_count": 5,
  "hf_energy": -7.8618647698086574,
  "fci_energy": -0.06590926466153926,
  "hall_of_fame_size": 5
}