{
  "experiment_name": "cross_noise_robustness",
  "timestamp": "2025-12-12T20:36:43.291808",
  "statistical_protocol": {
    "n_seeds": 5,
    "seeds_used": [
      0,
      1,
      2,
      3,
      4
    ],
    "aggregation_method": "mean \u00b1 std (sample standard deviation with ddof=1)",
    "confidence_level": 0.95
  },
  "hyperparameters": {
    "n_qubits": 5,
    "epsilon_range": [
      0.0,
      0.2
    ],
    "n_epsilon_points": 20,
    "p_x_asymmetric": 0.05
  },
  "aggregated_results": {
    "baseline_over_rotation_retention": {
      "mean": 0.7758013945139867,
      "std": 0.2046506504272412,
      "median": 0.8361904723360422,
      "min": 0.3915037834975977,
      "max": 0.98568106744634,
      "n": 20,
      "sem": 0.04576127659948577,
      "ci_lower": 0.680021941830833,
      "ci_upper": 0.8715808471971404
    },
    "robust_over_rotation_retention": {
      "mean": 0.7764069367880697,
      "std": 0.18674750684448055,
      "median": 0.8067779315425445,
      "min": 0.44905778845538136,
      "max": 0.999999922513954,
      "n": 20,
      "sem": 0.041758011993286576,
      "ci_lower": 0.6890064132218522,
      "ci_upper": 0.8638074603542872
    }
  },
  "noise_parameters": {
    "epsilon_range": [
      0.0,
      0.2
    ],
    "p_x_asymmetric": 0.05
  },
  "commit_hash": "e0422ab3",
  "additional_notes": "Cross-noise robustness test for coherent over-rotation and asymmetric Pauli noise."
}