{
  "experiment_name": "circuit_robustness_comparison",
  "timestamp": "2025-12-03T00:42:07.914945",
  "statistical_protocol": {
    "n_seeds": 5,
    "seeds_used": [
      0,
      1,
      2,
      3,
      4
    ],
    "aggregation_method": "mean \u00b1 std (sample standard deviation with ddof=1)",
    "confidence_level": 0.95
  },
  "hyperparameters": {
    "n_qubits": 3,
    "num_runs": 5,
    "samples_per_circuit": 32
  },
  "aggregated_results": {
    "vanilla_fidelity": {
      "mean": 0.8106077611446378,
      "std": 0.0,
      "median": 0.8106077611446378,
      "min": 0.8106077611446378,
      "max": 0.8106077611446378,
      "n": 5,
      "sem": 0.0,
      "ci_lower": 0.8106077611446378,
      "ci_upper": 0.8106077611446378
    },
    "robust_fidelity": {
      "mean": 0.8879707023501394,
      "std": 0.056812922447064915,
      "median": 0.8933633416891096,
      "min": 0.7991895154118538,
      "max": 0.9480247795581817,
      "n": 5,
      "sem": 0.02540751131841217,
      "ci_lower": 0.8174281419148763,
      "ci_upper": 0.9585132627854025
    }
  },
  "commit_hash": "904eae19",
  "additional_notes": "Robustness comparison using 32 saboteur attack samples per circuit."
}