{
  "metadata": {
    "timestamp": "2025-12-03T00:42:07.723838",
    "n_qubits": 3,
    "num_runs": 5,
    "samples_per_circuit": 32,
    "statistical_protocol": {
      "aggregation_method": "mean \u00b1 std",
      "samples_per_circuit": 32
    }
  },
  "vanilla": [
    {
      "clean_fidelity": 0.9160528481006621,
      "mean_attacked": 0.8106077611446378,
      "min_attacked": 0.8106077611446378,
      "std_attacked": 0.0,
      "samples": [
        0.8106077611446378,
        0.8106077611446378,
        0.8106077611446378,
        0.8106077611446378,
        0.8106077611446378,
        0.8106077611446378,
        0.8106077611446378,
        0.8106077611446378,
        0.8106077611446378,
        0.8106077611446378,
        0.8106077611446378,
        0.8106077611446378,
        0.8106077611446378,
        0.8106077611446378,
        0.8106077611446378,
        0.8106077611446378,
        0.8106077611446378,
        0.8106077611446378,
        0.8106077611446378,
        0.8106077611446378,
        0.8106077611446378,
        0.8106077611446378,
        0.8106077611446378,
        0.8106077611446378,
        0.8106077611446378,
        0.8106077611446378,
        0.8106077611446378,
        0.8106077611446378,
        0.8106077611446378,
        0.8106077611446378,
        0.8106077611446378,
        0.8106077611446378
      ]
    },
    {
      "clean_fidelity": 0.9160528481006621,
      "mean_attacked": 0.8106077611446378,
      "min_attacked": 0.8106077611446378,
      "std_attacked": 0.0,
      "samples": [
        0.8106077611446378,
        0.8106077611446378,
        0.8106077611446378,
        0.8106077611446378,
        0.8106077611446378,
        0.8106077611446378,
        0.8106077611446378,
        0.8106077611446378,
        0.8106077611446378,
        0.8106077611446378,
        0.8106077611446378,
        0.8106077611446378,
        0.8106077611446378,
        0.8106077611446378,
        0.8106077611446378,
        0.8106077611446378,
        0.8106077611446378,
        0.8106077611446378,
        0.8106077611446378,
        0.8106077611446378,
        0.8106077611446378,
        0.8106077611446378,
        0.8106077611446378,
        0.8106077611446378,
        0.8106077611446378,
        0.8106077611446378,
        0.8106077611446378,
        0.8106077611446378,
        0.8106077611446378,
        0.8106077611446378,
        0.8106077611446378,
        0.8106077611446378
      ]
    },
    {
      "clean_fidelity": 0.9160528481006621,
      "mean_attacked": 0.8106077611446378,
      "min_attacked": 0.8106077611446378,
      "std_attacked": 0.0,
      "samples": [
        0.8106077611446378,
        0.8106077611446378,
        0.8106077611446378,
        0.8106077611446378,
        0.8106077611446378,
        0.8106077611446378,
        0.8106077611446378,
        0.8106077611446378,
        0.8106077611446378,
        0.8106077611446378,
        0.8106077611446378,
        0.8106077611446378,
        0.8106077611446378,
        0.8106077611446378,
        0.8106077611446378,
        0.8106077611446378,
        0.8106077611446378,
        0.8106077611446378,
        0.8106077611446378,
        0.8106077611446378,
        0.8106077611446378,
        0.8106077611446378,
        0.8106077611446378,
        0.8106077611446378,
        0.8106077611446378,
        0.8106077611446378,
        0.8106077611446378,
        0.8106077611446378,
        0.8106077611446378,
        0.8106077611446378,
        0.8106077611446378,
        0.8106077611446378
      ]
    },
    {
      "clean_fidelity": 0.9160528481006621,
      "mean_attacked": 0.8106077611446378,
      "min_attacked": 0.8106077611446378,
      "std_attacked": 0.0,
      "samples": [
        0.8106077611446378,
        0.8106077611446378,
        0.8106077611446378,
        0.8106077611446378,
        0.8106077611446378,
        0.8106077611446378,
        0.8106077611446378,
        0.8106077611446378,
        0.8106077611446378,
        0.8106077611446378,
        0.8106077611446378,
        0.8106077611446378,
        0.8106077611446378,
        0.8106077611446378,
        0.8106077611446378,
        0.8106077611446378,
        0.8106077611446378,
        0.8106077611446378,
        0.8106077611446378,
        0.8106077611446378,
        0.8106077611446378,
        0.8106077611446378,
        0.8106077611446378,
        0.8106077611446378,
        0.8106077611446378,
        0.8106077611446378,
        0.8106077611446378,
        0.8106077611446378,
        0.8106077611446378,
        0.8106077611446378,
        0.8106077611446378,
        0.8106077611446378
      ]
    },
    {
      "clean_fidelity": 0.9160528481006621,
      "mean_attacked": 0.8106077611446378,
      "min_attacked": 0.8106077611446378,
      "std_attacked": 0.0,
      "samples": [
        0.8106077611446378,
        0.8106077611446378,
        0.8106077611446378,
        0.8106077611446378,
        0.8106077611446378,
        0.8106077611446378,
        0.8106077611446378,
        0.8106077611446378,
        0.8106077611446378,
        0.8106077611446378,
        0.8106077611446378,
        0.8106077611446378,
        0.8106077611446378,
        0.8106077611446378,
        0.8106077611446378,
        0.8106077611446378,
        0.8106077611446378,
        0.8106077611446378,
        0.8106077611446378,
        0.8106077611446378,
        0.8106077611446378,
        0.8106077611446378,
        0.8106077611446378,
        0.8106077611446378,
        0.8106077611446378,
        0.8106077611446378,
        0.8106077611446378,
        0.8106077611446378,
        0.8106077611446378,
        0.8106077611446378,
        0.8106077611446378,
        0.8106077611446378
      ]
    }
  ],
  "robust": [
    {
      "clean_fidelity": 0.9999995231628416,
      "mean_attacked": 0.8759639859199522,
      "min_attacked": 0.8759639859199522,
      "std_attacked": 0.0,
      "samples": [
        0.8759639859199522,
        0.8759639859199522,
        0.8759639859199522,
        0.8759639859199522,
        0.8759639859199522,
        0.8759639859199522,
        0.8759639859199522,
        0.8759639859199522,
        0.8759639859199522,
        0.8759639859199522,
        0.8759639859199522,
        0.8759639859199522,
        0.8759639859199522,
        0.8759639859199522,
        0.8759639859199522,
        0.8759639859199522,
        0.8759639859199522,
        0.8759639859199522,
        0.8759639859199522,
        0.8759639859199522,
        0.8759639859199522,
        0.8759639859199522,
        0.8759639859199522,
        0.8759639859199522,
        0.8759639859199522,
        0.8759639859199522,
        0.8759639859199522,
        0.8759639859199522,
        0.8759639859199522,
        0.8759639859199522,
        0.8759639859199522,
        0.8759639859199522
      ]
    },
    {
      "clean_fidelity": 0.9999998211860656,
      "mean_attacked": 0.9233118891716002,
      "min_attacked": 0.9233118891716002,
      "std_attacked": 0.0,
      "samples": [
        0.9233118891716002,
        0.9233118891716002,
        0.9233118891716002,
        0.9233118891716002,
        0.9233118891716002,
        0.9233118891716002,
        0.9233118891716002,
        0.9233118891716002,
        0.9233118891716002,
        0.9233118891716002,
        0.9233118891716002,
        0.9233118891716002,
        0.9233118891716002,
        0.9233118891716002,
        0.9233118891716002,
        0.9233118891716002,
        0.9233118891716002,
        0.9233118891716002,
        0.9233118891716002,
        0.9233118891716002,
        0.9233118891716002,
        0.9233118891716002,
        0.9233118891716002,
        0.9233118891716002,
        0.9233118891716002,
        0.9233118891716002,
        0.9233118891716002,
        0.9233118891716002,
        0.9233118891716002,
        0.9233118891716002,
        0.9233118891716002,
        0.9233118891716002
      ]
    },
    {
      "clean_fidelity": 0.9999998807907102,