{
  "experiment_name": "cross_noise_robustness",
  "timestamp": "2025-12-10T19:19:35.091527",
  "statistical_protocol": {
    "n_seeds": 5,
    "seeds_used": [
      0,
      1,
      2,
      3,
      4
    ],
    "aggregation_method": "mean \u00b1 std (sample standard deviation with ddof=1)",
    "confidence_level": 0.95
  },
  "hyperparameters": {
    "n_qubits": 4,
    "epsilon_range": [
      0.0,
      0.2
    ],
    "n_epsilon_points": 20,
    "p_x_asymmetric": 0.05
  },
  "aggregated_results": {
    "baseline_over_rotation_retention": {
      "mean": 0.8754091747349007,
      "std": 0.11242637765785307,
      "median": 0.9028306992549121,
      "min": 0.6583078746979161,
      "max": 1.0,
      "n": 20,
      "sem": 0.025139302290702305,
      "ci_lower": 0.82279201032942,
      "ci_upper": 0.9280263391403814
    },
    "robust_over_rotation_retention": {
      "mean": 0.7936869289688426,
      "std": 0.17540237485593693,
      "median": 0.8258067265633777,
      "min": 0.47949203726601825,
      "max": 1.0,
      "n": 20,
      "sem": 0.039221163359277486,
      "ci_lower": 0.7115960906159988,
      "ci_upper": 0.8757777673216864
    }
  },
  "noise_parameters": {
    "epsilon_range": [
      0.0,
      0.2
    ],
    "p_x_asymmetric": 0.05
  },
  "commit_hash": "15d9485b",
  "additional_notes": "Cross-noise robustness test for coherent over-rotation and asymmetric Pauli noise."
}