{
  "true_p": [
    0.001,
    0.005,
    0.01,
    0.02,
    0.05,
    0.08,
    0.1
  ],
  "recovered_p_mean": [
    0.0010140883133511486,
    0.004983018539308637,
    0.009998631367821505,
    0.02003025749308314,
    0.04999036692742444,
    0.07990225348995826,
    0.0996927227998029
  ],
  "recovered_p_std": [
    0.0,
    0.0,
    0.0,
    0.0,
    0.0,
    0.0,
    0.0
  ],
  "observed_fidelity_mean": [
    0.9795976657265364,
    0.9043002548538793,
    0.8184564618338384,
    0.6739135074672506,
    0.3972929453860869,
    0.2594757042123524,
    0.20895710345684546
  ],
  "observed_fidelity_std": [
    0.0,
    0.0,
    0.0,
    0.0,
    0.0,
    0.0,
    0.0
  ],
  "recovery_error_mean": [
    1.4088313351148622e-05,
    -1.6981460691362776e-05,
    -1.3686321784951716e-06,
    3.0257493083139103e-05,
    -9.63307257556556e-06,
    -9.774651004174073e-05,
    -0.0003072772001971036
  ],
  "recovery_error_std": [
    0.0,
    0.0,
    0.0,
    0.0,
    0.0,
    0.0,
    0.0
  ],
  "per_seed_data": [
    [
      {
        "seed": 0,
        "noise_seed": 42000000,
        "recovered_p": 0.0010140883133511486,
        "observed_fidelity": 0.9795976657265364,
        "recovery_error": 1.4088313351148622e-05
      }
    ],
    [
      {
        "seed": 0,
        "noise_seed": 42001000,
        "recovered_p": 0.004983018539308637,
        "observed_fidelity": 0.9043002548538793,
        "recovery_error": -1.6981460691362776e-05
      }
    ],
    [
      {
        "seed": 0,
        "noise_seed": 42002000,
        "recovered_p": 0.009998631367821505,
        "observed_fidelity": 0.8184564618338384,
        "recovery_error": -1.3686321784951716e-06
      }
    ],
    [
      {
        "seed": 0,
        "noise_seed": 42003000,
        "recovered_p": 0.02003025749308314,
        "observed_fidelity": 0.6739135074672506,
        "recovery_error": 3.0257493083139103e-05
      }
    ],
    [
      {
        "seed": 0,
        "noise_seed": 42004000,
        "recovered_p": 0.04999036692742444,
        "observed_fidelity": 0.3972929453860869,
        "recovery_error": -9.63307257556556e-06
      }
    ],
    [
      {
        "seed": 0,
        "noise_seed": 42005000,
        "recovered_p": 0.07990225348995826,
        "observed_fidelity": 0.2594757042123524,
        "recovery_error": -9.774651004174073e-05
      }
    ],
    [
      {
        "seed": 0,
        "noise_seed": 42006000,
        "recovered_p": 0.0996927227998029,
        "observed_fidelity": 0.20895710345684546,
        "recovery_error": -0.0003072772001971036
      }
    ]
  ],
  "noise_seeds": [
    [
      42000000
    ],
    [
      42001000
    ],
    [
      42002000
    ],
    [
      42003000
    ],
    [
      42004000
    ],
    [
      42005000
    ],
    [
      42006000
    ]
  ]
}