{
  "experiment_name": "parameter_recovery",
  "timestamp": "2025-12-02T09:11:45.975407",
  "statistical_protocol": {
    "n_seeds": 1,
    "seeds_used": [
      0
    ],
    "aggregation_method": "mean \u00b1 std (sample standard deviation with ddof=1)",
    "confidence_level": 0.95
  },
  "hyperparameters": {
    "n_qubits": 3,
    "p_values": [
      0.001,
      0.005,
      0.01,
      0.02,
      0.05,
      0.08,
      0.1
    ],
    "n_shots": 1000,
    "n_repetitions": 1,
    "base_seed": 42
  },
  "aggregated_results": {
    "baseline_mean_abs_error": {
      "mean": 6.819324030265079e-05,
      "std": 0.0001102409992809241,
      "median": 1.6981460691362776e-05,
      "min": 1.3686321784951716e-06,
      "max": 0.0003072772001971036,
      "n": 7,
      "sem": 4.166718119722507e-05,
      "ci_lower": -3.376267917264406e-05,
      "ci_upper": 0.00017014915977794562
    },
    "robust_mean_abs_error": {
      "mean": 3.04961102749053e-05,
      "std": 5.219511688661079e-05,
      "median": 1.0540607921438738e-05,
      "min": 1.0423325824300556e-06,
      "max": 0.00014725108370397533,
      "n": 7,
      "sem": 1.972789984770286e-05,
      "ci_lower": -1.7776321660639866e-05,
      "ci_upper": 7.876854221045046e-05
    }
  },
  "noise_seeds": [
    42000000,
    42001000,
    42002000,
    42003000,
    42004000,
    42005000,
    42006000,
    1452065410,
    1452066410,
    1452067410,
    1452068410,
    1452069410,
    1452070410,
    1452071410
  ],
  "noise_parameters": {
    "p_values": [
      0.001,
      0.005,
      0.01,
      0.02,
      0.05,
      0.08,
      0.1
    ],
    "depolarizing_noise": true
  },
  "commit_hash": "e3594318",
  "additional_notes": "Parameter recovery experiment testing noise estimation accuracy."
}