{
  "n_qubits": 3,
  "p_values": [
    0.001,
    0.005,
    0.01,
    0.02,
    0.05,
    0.08,
    0.1
  ],
  "n_shots": 1000,
  "n_repetitions": 1,
  "base_seed": 42,
  "baseline": {
    "true_p": [
      0.001,
      0.005,
      0.01,
      0.02,
      0.05,
      0.08,
      0.1
    ],
    "recovered_p_mean": [
      0.0010140883133511486,
      0.004983018539308637,
      0.009998631367821505,
      0.02003025749308314,
      0.04999036692742444,
      0.07990225348995826,
      0.0996927227998029
    ],
    "recovered_p_std": [
      0.0,
      0.0,
      0.0,
      0.0,
      0.0,
      0.0,
      0.0
    ],
    "observed_fidelity_mean": [
      0.9795976657265364,
      0.9043002548538793,
      0.8184564618338384,
      0.6739135074672506,
      0.3972929453860869,
      0.2594757042123524,
      0.20895710345684546
    ],
    "observed_fidelity_std": [
      0.0,
      0.0,
      0.0,
      0.0,
      0.0,
      0.0,
      0.0
    ],
    "recovery_error_mean": [
      1.4088313351148622e-05,
      -1.6981460691362776e-05,
      -1.3686321784951716e-06,
      3.0257493083139103e-05,
      -9.63307257556556e-06,
      -9.774651004174073e-05,
      -0.0003072772001971036
    ],
    "recovery_error_std": [
      0.0,
      0.0,
      0.0,
      0.0,
      0.0,
      0.0,
      0.0
    ],
    "per_seed_data": [
      [
        {
          "seed": 0,
          "noise_seed": 42000000,
          "recovered_p": 0.0010140883133511486,
          "observed_fidelity": 0.9795976657265364,
          "recovery_error": 1.4088313351148622e-05
        }
      ],
      [
        {
          "seed": 0,
          "noise_seed": 42001000,
          "recovered_p": 0.004983018539308637,
          "observed_fidelity": 0.9043002548538793,
          "recovery_error": -1.6981460691362776e-05
        }
      ],
      [
        {
          "seed": 0,
          "noise_seed": 42002000,
          "recovered_p": 0.009998631367821505,
          "observed_fidelity": 0.8184564618338384,
          "recovery_error": -1.3686321784951716e-06
        }
      ],
      [
        {
          "seed": 0,
          "noise_seed": 42003000,
          "recovered_p": 0.02003025749308314,
          "observed_fidelity": 0.6739135074672506,
          "recovery_error": 3.0257493083139103e-05
        }
      ],
      [
        {
          "seed": 0,
          "noise_seed": 42004000,
          "recovered_p": 0.04999036692742444,
          "observed_fidelity": 0.3972929453860869,
          "recovery_error": -9.63307257556556e-06
        }
      ],
      [
        {
          "seed": 0,
          "noise_seed": 42005000,
          "recovered_p": 0.07990225348995826,
          "observed_fidelity": 0.2594757042123524,
          "recovery_error": -9.774651004174073e-05
        }
      ],
      [
        {
          "seed": 0,
          "noise_seed": 42006000,
          "recovered_p": 0.0996927227998029,
          "observed_fidelity": 0.20895710345684546,
          "recovery_error": -0.0003072772001971036
        }
      ]
    ],
    "noise_seeds": [
      [
        42000000
      ],
      [
        42001000
      ],
      [
        42002000
      ],
      [
        42003000
      ],
      [
        42004000
      ],
      [
        42005000
      ],
      [
        42006000
      ]
    ]
  },
  "robust": {
    "true_p": [
      0.001,
      0.005,
      0.01,
      0.02,
      0.05,
      0.08,
      0.1
    ],
    "recovered_p_mean": [
      0.00099895766741757,
      0.004992421220962882,
      0.010006433656455127,
      0.02001054060792144,
      0.04985274891629603,
      0.07998796088703582,
      0.09997141280073994
    ],
    "recovered_p_std": [
      0.0,
      0.0,
      0.0,
      0.0,
      0.0,
      0.0,
      0.0
    ],
    "observed_fidelity_mean": [
      0.9744329090202362,
      0.879903613023934,
      0.7769830465031946,
      0.6141133611389198,
      0.34248546464599955,
      0.22922293772837646,
      0.19217207605765485
    ],
    "observed_fidelity_std": [
      0.0,
      0.0,
      0.0,
      0.0,
      0.0,
      0.0,
      0.0
    ],
    "recovery_error_mean": [
      -1.0423325824300556e-06,
      -7.578779037118073e-06,
      6.433656455126502e-06,
      1.0540607921438738e-05,
      -0.00014725108370397533,
      -1.2039112964185028e-05,
      -2.8587199260063367e-05
    ],
    "recovery_error_std": [
      0.0,
      0.0,
      0.0,
      0.0,
      0.0,
      0.0,
      0.0
    ],
    "per_seed_data": [
      [
        {
          "seed": 0,
          "noise_seed": 1452065410,
          "recovered_p": 0.00099895766741757,
          "observed_fidelity": 0.9744329090202362,
          "recovery_error": -1.0423325824300556e-06
        }
      ],
      [
        {
          "seed": 0,
          "noise_seed": 1452066410,
          "recovered_p": 0.004992421220962882,
          "observed_fidelity": 0.879903613023934,
          "recovery_error": -7.578779037118073e-06
        }
      ],
      [
        {
          "seed": 0,
          "noise_seed": 1452067410,
          "recovered_p": 0.010006433656455127,
          "observed_fidelity": 0.7769830465031946,
          "recovery_error": 6.433656455126502e-06
        }
      ],
      [
        {
          "seed": 0,
          "noise_seed": 1452068410,
          "recovered_p": 0.02001054060792144,
          "observed_fidelity": 0.6141133611389198,
          "recovery_error": 1.0540607921438738e-05
        }
      ],
      [
        {
          "seed": 0,
          "noise_seed": 1452069410,
          "recovered_p": 0.04985274891629603,
          "observed_fidelity": 0.34248546464599955,
          "recovery_error": -0.00014725108370397533
        }
      ],
      [
        {
          "seed": 0,
          "noise_seed": 1452070410,
          "recovered_p": 0.07998796088703582,
          "observed_fidelity": 0.22922293772837646,
          "recovery_error": -1.2039112964185028e-05
        }
      ],
      [
        {
          "seed": 0,
          "noise_seed": 1452071410,
          "recovered_p": 0.09997141280073994,
          "observed_fidelity": 0.19217207605765485,
          "recovery_error": -2.8587199260063367e-05
        }
      ]
    ],
    "noise_seeds": [
      [
        1452065410
      ],
      [
        1452066410
      ],
      [
        1452067410
      ],
      [
        1452068410
      ],
      [
        1452069410
      ],
      [
        1452070410
      ],
      [
        1452071410
      ]
    ]
  }
}