{
  "true_p": [
    0.001,
    0.005,
    0.01,
    0.02,
    0.05,
    0.08,
    0.1
  ],
  "recovered_p_mean": [
    0.00099895766741757,
    0.004992421220962882,
    0.010006433656455127,
    0.02001054060792144,
    0.04985274891629603,
    0.07998796088703582,
    0.09997141280073994
  ],
  "recovered_p_std": [
    0.0,
    0.0,
    0.0,
    0.0,
    0.0,
    0.0,
    0.0
  ],
  "observed_fidelity_mean": [
    0.9744329090202362,
    0.879903613023934,
    0.7769830465031946,
    0.6141133611389198,
    0.34248546464599955,
    0.22922293772837646,
    0.19217207605765485
  ],
  "observed_fidelity_std": [
    0.0,
    0.0,
    0.0,
    0.0,
    0.0,
    0.0,
    0.0
  ],
  "recovery_error_mean": [
    -1.0423325824300556e-06,
    -7.578779037118073e-06,
    6.433656455126502e-06,
    1.0540607921438738e-05,
    -0.00014725108370397533,
    -1.2039112964185028e-05,
    -2.8587199260063367e-05
  ],
  "recovery_error_std": [
    0.0,
    0.0,
    0.0,
    0.0,
    0.0,
    0.0,
    0.0
  ],
  "per_seed_data": [
    [
      {
        "seed": 0,
        "noise_seed": 1452065410,
        "recovered_p": 0.00099895766741757,
        "observed_fidelity": 0.9744329090202362,
        "recovery_error": -1.0423325824300556e-06
      }
    ],
    [
      {
        "seed": 0,
        "noise_seed": 1452066410,
        "recovered_p": 0.004992421220962882,
        "observed_fidelity": 0.879903613023934,
        "recovery_error": -7.578779037118073e-06
      }
    ],
    [
      {
        "seed": 0,
        "noise_seed": 1452067410,
        "recovered_p": 0.010006433656455127,
        "observed_fidelity": 0.7769830465031946,
        "recovery_error": 6.433656455126502e-06
      }
    ],
    [
      {
        "seed": 0,
        "noise_seed": 1452068410,
        "recovered_p": 0.02001054060792144,
        "observed_fidelity": 0.6141133611389198,
        "recovery_error": 1.0540607921438738e-05
      }
    ],
    [
      {
        "seed": 0,
        "noise_seed": 1452069410,
        "recovered_p": 0.04985274891629603,
        "observed_fidelity": 0.34248546464599955,
        "recovery_error": -0.00014725108370397533
      }
    ],
    [
      {
        "seed": 0,
        "noise_seed": 1452070410,
        "recovered_p": 0.07998796088703582,
        "observed_fidelity": 0.22922293772837646,
        "recovery_error": -1.2039112964185028e-05
      }
    ],
    [
      {
        "seed": 0,
        "noise_seed": 1452071410,
        "recovered_p": 0.09997141280073994,
        "observed_fidelity": 0.19217207605765485,
        "recovery_error": -2.8587199260063367e-05
      }
    ]
  ],
  "noise_seeds": [
    [
      1452065410
    ],
    [
      1452066410
    ],
    [
      1452067410
    ],
    [
      1452068410
    ],
    [
      1452069410
    ],
    [
      1452070410
    ],
    [
      1452071410
    ]
  ]
}