{
  "experiment_name": "cross_noise_robustness",
  "timestamp": "2025-12-04T00:44:02.855282",
  "statistical_protocol": {
    "n_seeds": 5,
    "seeds_used": [
      0,
      1,
      2,
      3,
      4
    ],
    "aggregation_method": "mean \u00b1 std (sample standard deviation with ddof=1)",
    "confidence_level": 0.95
  },
  "hyperparameters": {
    "n_qubits": 3,
    "epsilon_range": [
      0.0,
      0.2
    ],
    "n_epsilon_points": 20,
    "p_x_asymmetric": 0.05
  },
  "aggregated_results": {
    "baseline_over_rotation_retention": {
      "mean": 0.2991730249185897,
      "std": 0.16400220570827173,
      "median": 0.3220805959151083,
      "min": 0.042950446598298345,
      "max": 0.4895404878319037,
      "n": 20,
      "sem": 0.03667200804235996,
      "ci_lower": 0.22241762996247705,
      "ci_upper": 0.3759284198747024
    },
    "robust_over_rotation_retention": {
      "mean": 0.9143608829916842,
      "std": 0.0805163495598212,
      "median": 0.9369586239693499,
      "min": 0.7522703785107103,
      "max": 0.9999999105930195,
      "n": 20,
      "sem": 0.018004003091589546,
      "ci_lower": 0.8766780714453465,
      "ci_upper": 0.9520436945380218
    }
  },
  "noise_parameters": {
    "epsilon_range": [
      0.0,
      0.2
    ],
    "p_x_asymmetric": 0.05
  },
  "commit_hash": "286acb64",
  "additional_notes": "Cross-noise robustness test for coherent over-rotation and asymmetric Pauli noise."
}