{
  "experiment_name": "cross_noise_robustness",
  "timestamp": "2025-12-01T04:59:16.992219",
  "statistical_protocol": {
    "n_seeds": 5,
    "seeds_used": [
      0,
      1,
      2,
      3,
      4
    ],
    "aggregation_method": "mean \u00b1 std (sample standard deviation with ddof=1)",
    "confidence_level": 0.95
  },
  "hyperparameters": {
    "n_qubits": 3,
    "epsilon_range": [
      0.0,
      0.1
    ],
    "n_epsilon_points": 20,
    "p_x_asymmetric": 0.05
  },
  "aggregated_results": {
    "baseline_over_rotation_retention": {
      "mean": 0.9989960397656784,
      "std": 0.00706338605081891,
      "median": 1.0018091877450224,
      "min": 0.9815411419300034,
      "max": 1.0050979772438844,
      "n": 20,
      "sem": 0.0015794211360954868,
      "ci_lower": 0.9956902733357897,
      "ci_upper": 1.002301806195567
    },
    "robust_over_rotation_retention": {
      "mean": 0.9982917598361825,
      "std": 0.001609835580735863,
      "median": 0.9987472965566692,
      "min": 0.9950104650861301,
      "max": 1.0,
      "n": 20,
      "sem": 0.0003599701791123241,
      "ci_lower": 0.9975383335924307,
      "ci_upper": 0.9990451860799342
    }
  },
  "noise_parameters": {
    "epsilon_range": [
      0.0,
      0.1
    ],
    "p_x_asymmetric": 0.05
  },
  "commit_hash": "748e0365",
  "additional_notes": "Cross-noise robustness test for coherent over-rotation and asymmetric Pauli noise."
}