{
  "experiment_name": "cross_noise_robustness",
  "timestamp": "2025-12-01T06:56:43.745057",
  "statistical_protocol": {
    "n_seeds": 5,
    "seeds_used": [
      0,
      1,
      2,
      3,
      4
    ],
    "aggregation_method": "mean \u00b1 std (sample standard deviation with ddof=1)",
    "confidence_level": 0.95
  },
  "hyperparameters": {
    "n_qubits": 3,
    "epsilon_range": [
      0.0,
      0.1
    ],
    "n_epsilon_points": 20,
    "p_x_asymmetric": 0.05
  },
  "aggregated_results": {
    "baseline_over_rotation_retention": {
      "mean": 0.9888320723273839,
      "std": 0.010558837257350039,
      "median": 0.9918482144890087,
      "min": 0.9672652294951951,
      "max": 1.0,
      "n": 20,
      "sem": 0.0023610277870792125,
      "ci_lower": 0.9838903843759008,
      "ci_upper": 0.993773760278867
    },
    "robust_over_rotation_retention": {
      "mean": 0.9897187660299261,
      "std": 0.009635402702039308,
      "median": 0.9924003472805437,
      "min": 0.9701921308269658,
      "max": 1.0,
      "n": 20,
      "sem": 0.0021545415432345045,
      "ci_lower": 0.9852092587537145,
      "ci_upper": 0.9942282733061378
    }
  },
  "noise_parameters": {
    "epsilon_range": [
      0.0,
      0.1
    ],
    "p_x_asymmetric": 0.05
  },
  "commit_hash": "4ff64401",
  "additional_notes": "Cross-noise robustness test for coherent over-rotation and asymmetric Pauli noise."
}