{
  "seed": 4,
  "lambda": 0.1,
  "final_fidelity": 0.0,
  "best_fidelity": 0.4999999403953552,
  "cnot_count": 16,
  "success": false,
  "training_steps": 1000,
  "fidelity_history": [
    0.0,
    0.12499997764825821,
    0.0,
    0.0,
    0.0,
    0.1249999850988388,
    0.0366116501390934,
    0.2499999701976776,
    0.0,
    0.0,
    0.0,
    0.0,
    0.0,
    0.4999999403953552,
    0.0366116464138031,
    0.0,
    0.0,
    0.0,
    0.0,
    0.0,
    0.0183058250695467,
    0.2499999701976776,
    0.2499999701976776,
    0.2499999701976776,
    0.0,
    0.0
  ],
  "step_history": [
    36,
    76,
    113,
    155,
    189,
    232,
    271,
    306,
    344,
    384,
    420,
    456,
    492,
    529,
    570,
    609,
    638,
    688,
    735,
    770,
    804,
    845,
    888,
    929,
    959,
    997
  ]
}