{
  "experiment_name": "circuit_robustness_comparison",
  "timestamp": "2025-12-09T14:37:15.706915",
  "statistical_protocol": {
    "n_seeds": 5,
    "seeds_used": [
      0,
      1,
      2,
      3,
      4
    ],
    "aggregation_method": "mean \u00b1 std (sample standard deviation with ddof=1)",
    "confidence_level": 0.95
  },
  "hyperparameters": {
    "n_qubits": 3,
    "num_runs": 5,
    "samples_per_circuit": 100
  },
  "aggregated_results": {
    "vanilla_fidelity": {
      "mean": 0.5476846931576729,
      "std": 0.03254251405990069,
      "median": 0.5405190697312355,
      "min": 0.5181526905298233,
      "max": 0.6016089181602001,
      "n": 5,
      "sem": 0.01455345471933612,
      "ci_lower": 0.5072778250384543,
      "ci_upper": 0.5880915612768914
    },
    "robust_fidelity": {
      "mean": 0.8372957984209058,
      "std": 0.03930248989959297,
      "median": 0.8506722086668015,
      "min": 0.7945541042089462,
      "max": 0.8891823703050612,
      "n": 5,
      "sem": 0.017576607820097755,
      "ci_lower": 0.7884953116728141,
      "ci_upper": 0.8860962851689976
    },
    "quantumnas_fidelity": {
      "mean": 0.6630506267249584,
      "std": 0.005841567341027115,
      "median": 0.6639966726303099,
      "min": 0.655539968162775,
      "max": 0.6707819238305092,
      "n": 5,
      "sem": 0.002612428333935865,
      "ci_lower": 0.6557973628645222,
      "ci_upper": 0.6703038905853946
    },
    "vanilla_counts": {
      "gate_count_mean": 16.0,
      "gate_count_std": 0.6324555320336759,
      "cnot_count_mean": 13.8,
      "cnot_count_std": 0.7483314773547882
    },
    "robust_counts": {
      "gate_count_mean": 4.8,
      "gate_count_std": 1.16619037896906,
      "cnot_count_mean": 3.4,
      "cnot_count_std": 1.3564659966250538
    },
    "quantumnas_counts": {
      "gate_count_mean": 15.0,
      "gate_count_std": 0.0,
      "cnot_count_mean": 6.0,
      "cnot_count_std": 0.0
    }
  },
  "commit_hash": "5dd7da67",
  "additional_notes": "Robustness comparison using 100 attack samples per circuit. Primary attack mode: random_high. Other evaluated modes: random_high, asymmetric_noise, over_rotation, amplitude_damping, phase_damping, readout"
}