{
  "experiment_name": "circuit_robustness_comparison",
  "timestamp": "2025-12-03T08:15:44.834020",
  "statistical_protocol": {
    "n_seeds": 2,
    "seeds_used": [
      0,
      1
    ],
    "aggregation_method": "mean \u00b1 std (sample standard deviation with ddof=1)",
    "confidence_level": 0.95
  },
  "hyperparameters": {
    "n_qubits": 3,
    "num_runs": 2,
    "samples_per_circuit": 32
  },
  "aggregated_results": {
    "vanilla_fidelity": {
      "mean": 0.22185556776821608,
      "std": 0.0,
      "median": 0.22185556776821608,
      "min": 0.22185556776821608,
      "max": 0.22185556776821608,
      "n": 2,
      "sem": 0.0,
      "ci_lower": 0.22185556776821608,
      "ci_upper": 0.22185556776821608
    },
    "robust_fidelity": {
      "mean": 0.6641131713986396,
      "std": 0.14328633531783475,
      "median": 0.6641131713986396,
      "min": 0.5627944320440291,
      "max": 0.76543191075325,
      "n": 2,
      "sem": 0.10131873935461044,
      "ci_lower": -0.6232634744782405,
      "ci_upper": 1.9514898172755197
    },
    "quantumnas_fidelity": {
      "mean": 0.46992163360118855,
      "std": 0.0,
      "median": 0.46992163360118855,
      "min": 0.46992163360118855,
      "max": 0.46992163360118855,
      "n": 2,
      "sem": 0.0,
      "ci_lower": 0.46992163360118855,
      "ci_upper": 0.46992163360118855
    }
  },
  "commit_hash": "3d6eb35c",
  "additional_notes": "Robustness comparison using 32 saboteur attack samples per circuit."
}