{
  "experiment_name": "circuit_robustness_comparison",
  "timestamp": "2025-12-04T01:01:08.636965",
  "statistical_protocol": {
    "n_seeds": 2,
    "seeds_used": [
      0,
      1
    ],
    "aggregation_method": "mean \u00b1 std (sample standard deviation with ddof=1)",
    "confidence_level": 0.95
  },
  "hyperparameters": {
    "n_qubits": 3,
    "num_runs": 2,
    "samples_per_circuit": 32
  },
  "aggregated_results": {
    "vanilla_fidelity": {
      "mean": 0.2902894232538529,
      "std": 0.0007858046944736101,
      "median": 0.2902894232538529,
      "min": 0.28973377542570233,
      "max": 0.29084507108200336,
      "n": 2,
      "sem": 0.0005556478281505128,
      "ci_lower": 0.28322924818801865,
      "ci_upper": 0.2973495983196871
    },
    "robust_fidelity": {
      "mean": 0.8346140380017457,
      "std": 0.0355933329615363,
      "median": 0.8346140380017457,
      "min": 0.8094457508996128,
      "max": 0.8597823251038788,
      "n": 2,
      "sem": 0.025168287102132977,
      "ci_lower": 0.5148206292167409,
      "ci_upper": 1.1544074467867507
    },
    "quantumnas_fidelity": {
      "mean": 0.8457393618300555,
      "std": 0.001385402471956518,
      "median": 0.8457393618300555,
      "min": 0.8447597343474624,
      "max": 0.8467189893126486,
      "n": 2,
      "sem": 0.0009796274825930595,
      "ci_lower": 0.8332920144707925,
      "ci_upper": 0.8581867091893185
    }
  },
  "commit_hash": "286acb64",
  "additional_notes": "Robustness comparison using 32 saboteur attack samples per circuit."
}