{
  "metadata": {
    "timestamp": "2025-12-04T01:01:08.422945",
    "n_qubits": 3,
    "num_runs": 2,
    "samples_per_circuit": 32,
    "statistical_protocol": {
      "aggregation_method": "mean \u00b1 std",
      "samples_per_circuit": 32
    }
  },
  "vanilla": [
    {
      "clean_fidelity": 0.481693709269166,
      "mean_attacked": 0.29084507108200336,
      "min_attacked": 0.2831415012478828,
      "std_attacked": 0.003035425322517802,
      "samples": [
        0.29175751656293863,
        0.293454747647047,
        0.289874892681837,
        0.29342309758067125,
        0.2898749150335788,
        0.2934547811746597,
        0.2934547550976276,
        0.2885186299681663,
        0.28854811564087857,
        0.29345483332872385,
        0.2850832343101501,
        0.286714918911457,
        0.28987487405538553,
        0.28977939113974566,
        0.2934547737240791,
        0.29342311620712275,
        0.29345480352640146,
        0.28802469745278353,
        0.28987485542893404,
        0.293454747647047,
        0.2934547811746597,
        0.2881138660013675,
        0.29766913875937456,
        0.286714918911457,
        0.2831415012478828,
        0.28977936506271357,
        0.28977938368916506,
        0.29342312365770334,
        0.29342310503125185,
        0.2897793762385845,
        0.28987485915422434,
        0.29293315857648844
      ],
      "circuit_path": "/home/gp.sc.cc.tohoku.ac.jp/jesus/AA/work_dir/quantum-arch-search/results/run_20251203-071828/compare/run_0/circuit_vanilla.json"
    },
    {
      "clean_fidelity": 0.481693709269166,
      "mean_attacked": 0.28973377542570233,
      "min_attacked": 0.283058438450098,
      "std_attacked": 0.0029162364589861546,
      "samples": [
        0.286964114755392,
        0.29342310503125185,
        0.29293316230177874,
        0.2934547699987888,
        0.28987485542893404,
        0.29342312738299364,
        0.2897794283926487,
        0.2885186299681663,
        0.29345483332872385,
        0.283058438450098,
        0.28977943956851954,
        0.2869639806449413,
        0.2885186374187469,
        0.28802482783794403,
        0.288518588989973,
        0.28980941697955126,
        0.28977939113974566,
        0.28977938368916506,
        0.29342312738299364,
        0.2897793762385845,
        0.28977939113974566,
        0.2897794358432293,
        0.28674880787730217,
        0.2880247123539447,
        0.2976691760122776,
        0.2867488153278827,
        0.2934547737240791,
        0.28854809701442713,
        0.28854803368449206,
        0.28987485915422434,
        0.2849303409457206,
        0.28811373561620707
      ],
      "circuit_path": "/home/gp.sc.cc.tohoku.ac.jp/jesus/AA/work_dir/quantum-arch-search/results/run_20251203-071828/compare/run_1/circuit_vanilla.json"
    }
  ],
  "robust": [
    {
      "clean_fidelity": 0.9999997615814207,
      "mean_attacked": 0.8597823251038788,
      "min_attacked": 0.7908188998699187,
      "std_attacked": 0.03400818765765906,
      "samples": [
        0.904369920492172,
        0.8460882306098938,
        0.8471947014331815,
        0.8763006925582884,
        0.8742242157459257,
        0.8466390073299406,
        0.791270524263382,
        0.8732218146324155,
        0.7908188998699187,
        0.8175006210803984,
        0.8732217848300933,
        0.9032958149909972,
        0.8763006925582884,
        0.9032958447933196,
        0.904369920492172,
        0.8471946120262144,
        0.8170166909694669,
        0.8742241859436034,
        0.9043698906898497,
        0.8466390371322631,
        0.8460882306098938,
        0.8451527059078214,
        0.9032958149909972,
        0.8462267220020293,
        0.8742241859436034,
        0.9043699502944944,
        0.8175006210803984,
        0.8446341156959531,
        0.874295949935913,
        0.8742242753505705,
        0.8742242753505705,
        0.7912404537200927
      ],
      "circuit_path": "/home/gp.sc.cc.tohoku.ac.jp/jesus/AA/work_dir/quantum-arch-search/results/run_20251203-071828/compare/run_0/circuit_robust.json"
    },
    {
      "clean_fidelity": 0.9999998807907102,
      "mean_attacked": 0.8094457508996128,
      "min_attacked": 0.7898832857608794,
      "std_attacked": 0.025848559139550805,
      "samples": [
        0.791270613670349,
        0.8451527059078215,
        0.8451527059078215,
        0.791270613670349,
        0.7898832857608794,
        0.791270613670349,
        0.791270613670349,
        0.8451527059078215,
        0.791270613670349,
        0.791270613670349,
        0.7898832857608794,
        0.791270613670349,
        0.7898832857608794,
        0.7898832857608794,
        0.7898832857608794,
        0.791270613670349,
        0.791270613670349,
        0.8451527059078215,
        0.8451527059078215,
        0.8451527059078215,
        0.8451527059078215,
        0.8451527059078215,
        0.8451527059078215,
        0.8451527059078215,
        0.8451527059078215,
        0.7898832857608794,
        0.791270613670349,
        0.7898832857608794,
        0.791270613670349,
        0.7898832857608794,
        0.791270613670349,
        0.791270613670349
      ],
      "circuit_path": "/home/gp.sc.cc.tohoku.ac.jp/jesus/AA/work_dir/quantum-arch-search/results/run_20251203-071828/compare/run_1/circuit_robust.json"
    }
  ],
  "quantumnas": [
    {
      "clean_fidelity": 0.9999997615814207,
      "mean_attacked": 0.8467189893126486,
      "min_attacked": 0.7646159082651136,
      "std_attacked": 0.038847970625888344,
      "samples": [
        0.8299473226070402,
        0.8738592863082884,
        0.8473909199237821,
        0.8007845431566236,
        0.7941932231187818,
        0.7646159082651136,
        0.8473909497261045,
        0.8451168686151502,
        0.8732975870370863,
        0.7929826229810714,
        0.8215791285037994,
        0.904315486550331,
        0.7899111956357954,
        0.9033327251672744,
        0.8742217719554901,
        0.9033307582139967,
        0.8560762256383896,
        0.8358233720064163,
        0.8282695263624189,
        0.8099124133586882,
        0.8752638846635817,
        0.845586135983467,
        0.9033327847719191,
        0.8366666287183759,
        0.8568269014358518,
        0.7673829644918442,
        0.8360311686992643,
        0.8665502071380613,
        0.8762321025133131,
        0.8654529303312299,
        0.8660125583410261,
        0.9033175557851789
      ],
      "circuit_path": "/home/gp.sc.cc.tohoku.ac.jp/jesus/AA/work_dir/quantum-arch-search/results/run_20251203-071828/compare/run_0/circuit_quantumnas.json"
    },
    {
      "clean_fidelity": 0.9999997615814207,
      "mean_attacked": 0.8447597343474624,
      "min_attacked": 0.7575769871473311,
      "std_attacked": 0.03738650220521159,
      "samples": [
        0.8452340066432951,
        0.9039793461561202,
        0.8451168686151502,
        0.8451421409845351,
        0.8367654085159301,
        0.8446605503559111,
        0.8288849294185638,
        0.8642490059137342,
        0.8742217719554899,
        0.8364975750446317,
        0.7899658530950544,
        0.9032961428165434,
        0.7929826229810714,
        0.8642352372407912,
        0.8452187627553938,
        0.9033188968896865,
        0.8358386009931563,
        0.8742077648639678,
        0.8551760166883466,
        0.7575769871473311,
        0.8939355313777921,
        0.8101375252008437,
        0.8170773983001708,
        0.874224618077278,
        0.817982494831085,
        0.8940168470144271,
        0.8749111741781233,
        0.8558248132467269,
        0.7747782468795774,
        0.864235520362854,
        0.799919694662094,
        0.8086991459131239
      ],
      "circuit_path": "/home/gp.sc.cc.tohoku.ac.jp/jesus/AA/work_dir/quantum-arch-search/results/run_20251203-071828/compare/run_1/circuit_quantumnas.json"
    }
  ],
  "aggregated": {
    "vanilla": {
      "mean": 0.2902894232538529,
      "std": 0.0007858046944736101,