{
  "metadata": {
    "timestamp": "2025-12-03T08:15:44.626981",
    "n_qubits": 3,
    "num_runs": 2,
    "samples_per_circuit": 32,
    "statistical_protocol": {
      "aggregation_method": "mean \u00b1 std",
      "samples_per_circuit": 32
    }
  },
  "vanilla": [
    {
      "clean_fidelity": 0.481693709269166,
      "mean_attacked": 0.22185556776821608,
      "min_attacked": 0.22185556776821608,
      "std_attacked": 0.0,
      "samples": [
        0.22185556776821608,
        0.22185556776821608,
        0.22185556776821608,
        0.22185556776821608,
        0.22185556776821608,
        0.22185556776821608,
        0.22185556776821608,
        0.22185556776821608,
        0.22185556776821608,
        0.22185556776821608,
        0.22185556776821608,
        0.22185556776821608,
        0.22185556776821608,
        0.22185556776821608,
        0.22185556776821608,
        0.22185556776821608,
        0.22185556776821608,
        0.22185556776821608,
        0.22185556776821608,
        0.22185556776821608,
        0.22185556776821608,
        0.22185556776821608,
        0.22185556776821608,
        0.22185556776821608,
        0.22185556776821608,
        0.22185556776821608,
        0.22185556776821608,
        0.22185556776821608,
        0.22185556776821608,
        0.22185556776821608,
        0.22185556776821608,
        0.22185556776821608
      ],
      "circuit_path": "/home/gp.sc.cc.tohoku.ac.jp/jesus/AA/work_dir/quantum-arch-search/results/run_20251203-071828/compare/run_0/circuit_vanilla.json"
    },
    {
      "clean_fidelity": 0.481693709269166,
      "mean_attacked": 0.22185556776821608,
      "min_attacked": 0.22185556776821608,
      "std_attacked": 0.0,
      "samples": [
        0.22185556776821608,
        0.22185556776821608,
        0.22185556776821608,
        0.22185556776821608,
        0.22185556776821608,
        0.22185556776821608,
        0.22185556776821608,
        0.22185556776821608,
        0.22185556776821608,
        0.22185556776821608,
        0.22185556776821608,
        0.22185556776821608,
        0.22185556776821608,
        0.22185556776821608,
        0.22185556776821608,
        0.22185556776821608,
        0.22185556776821608,
        0.22185556776821608,
        0.22185556776821608,
        0.22185556776821608,
        0.22185556776821608,
        0.22185556776821608,
        0.22185556776821608,
        0.22185556776821608,
        0.22185556776821608,
        0.22185556776821608,
        0.22185556776821608,
        0.22185556776821608,
        0.22185556776821608,
        0.22185556776821608,
        0.22185556776821608,
        0.22185556776821608
      ],
      "circuit_path": "/home/gp.sc.cc.tohoku.ac.jp/jesus/AA/work_dir/quantum-arch-search/results/run_20251203-071828/compare/run_1/circuit_vanilla.json"
    }
  ],
  "robust": [
    {
      "clean_fidelity": 0.9999997615814207,
      "mean_attacked": 0.5627944320440291,
      "min_attacked": 0.5627944320440291,
      "std_attacked": 0.0,
      "samples": [
        0.5627944320440291,
        0.5627944320440291,
        0.5627944320440291,
        0.5627944320440291,
        0.5627944320440291,
        0.5627944320440291,
        0.5627944320440291,
        0.5627944320440291,
        0.5627944320440291,
        0.5627944320440291,
        0.5627944320440291,
        0.5627944320440291,
        0.5627944320440291,
        0.5627944320440291,
        0.5627944320440291,
        0.5627944320440291,
        0.5627944320440291,
        0.5627944320440291,
        0.5627944320440291,
        0.5627944320440291,
        0.5627944320440291,
        0.5627944320440291,
        0.5627944320440291,
        0.5627944320440291,
        0.5627944320440291,
        0.5627944320440291,
        0.5627944320440291,
        0.5627944320440291,
        0.5627944320440291,
        0.5627944320440291,
        0.5627944320440291,
        0.5627944320440291
      ],
      "circuit_path": "/home/gp.sc.cc.tohoku.ac.jp/jesus/AA/work_dir/quantum-arch-search/results/run_20251203-071828/compare/run_0/circuit_robust.json"
    },
    {
      "clean_fidelity": 0.9999998807907102,
      "mean_attacked": 0.76543191075325,
      "min_attacked": 0.76543191075325,
      "std_attacked": 0.0,
      "samples": [
        0.76543191075325,
        0.76543191075325,
        0.76543191075325,
        0.76543191075325,
        0.76543191075325,
        0.76543191075325,
        0.76543191075325,
        0.76543191075325,
        0.76543191075325,
        0.76543191075325,
        0.76543191075325,
        0.76543191075325,
        0.76543191075325,
        0.76543191075325,
        0.76543191075325,
        0.76543191075325,
        0.76543191075325,
        0.76543191075325,
        0.76543191075325,
        0.76543191075325,
        0.76543191075325,
        0.76543191075325,
        0.76543191075325,
        0.76543191075325,
        0.76543191075325,
        0.76543191075325,
        0.76543191075325,
        0.76543191075325,
        0.76543191075325,
        0.76543191075325,
        0.76543191075325,
        0.76543191075325
      ],
      "circuit_path": "/home/gp.sc.cc.tohoku.ac.jp/jesus/AA/work_dir/quantum-arch-search/results/run_20251203-071828/compare/run_1/circuit_robust.json"
    }
  ],
  "quantumnas": [
    {
      "clean_fidelity": 0.9999999254941939,
      "mean_attacked": 0.46992163360118855,
      "min_attacked": 0.46992163360118855,
      "std_attacked": 0.0,
      "samples": [
        0.46992163360118855,
        0.46992163360118855,
        0.46992163360118855,
        0.46992163360118855,
        0.46992163360118855,
        0.46992163360118855,
        0.46992163360118855,
        0.46992163360118855,
        0.46992163360118855,
        0.46992163360118855,
        0.46992163360118855,
        0.46992163360118855,
        0.46992163360118855,
        0.46992163360118855,
        0.46992163360118855,
        0.46992163360118855,
        0.46992163360118855,
        0.46992163360118855,
        0.46992163360118855,
        0.46992163360118855,
        0.46992163360118855,
        0.46992163360118855,
        0.46992163360118855,
        0.46992163360118855,
        0.46992163360118855,
        0.46992163360118855,
        0.46992163360118855,
        0.46992163360118855,
        0.46992163360118855,
        0.46992163360118855,
        0.46992163360118855,
        0.46992163360118855
      ],
      "circuit_path": "/home/gp.sc.cc.tohoku.ac.jp/jesus/AA/work_dir/quantum-arch-search/results/run_20251203-071828/compare/run_0/circuit_quantumnas.json"
    },
    {
      "clean_fidelity": 0.9999999254941939,
      "mean_attacked": 0.46992163360118855,
      "min_attacked": 0.46992163360118855,
      "std_attacked": 0.0,
      "samples": [
        0.46992163360118855,
        0.46992163360118855,
        0.46992163360118855,
        0.46992163360118855,
        0.46992163360118855,
        0.46992163360118855,
        0.46992163360118855,
        0.46992163360118855,
        0.46992163360118855,
        0.46992163360118855,
        0.46992163360118855,
        0.46992163360118855,
        0.46992163360118855,
        0.46992163360118855,
        0.46992163360118855,
        0.46992163360118855,
        0.46992163360118855,
        0.46992163360118855,
        0.46992163360118855,
        0.46992163360118855,
        0.46992163360118855,
        0.46992163360118855,
        0.46992163360118855,
        0.46992163360118855,
        0.46992163360118855,
        0.46992163360118855,
        0.46992163360118855,
        0.46992163360118855,
        0.46992163360118855,
        0.46992163360118855,
        0.46992163360118855,
        0.46992163360118855
      ],
      "circuit_path": "/home/gp.sc.cc.tohoku.ac.jp/jesus/AA/work_dir/quantum-arch-search/results/run_20251203-071828/compare/run_1/circuit_quantumnas.json"
    }
  ],
  "aggregated": {
    "vanilla": {
      "mean": 0.22185556776821608,
      "std": 0.0,
      "median": 0.22185556776821608,