{
  "experiment_name": "cross_noise_robustness",
  "timestamp": "2025-12-07T01:09:57.719000",
  "statistical_protocol": {
    "n_seeds": 5,
    "seeds_used": [
      0,
      1,
      2,
      3,
      4
    ],
    "aggregation_method": "mean \u00b1 std (sample standard deviation with ddof=1)",
    "confidence_level": 0.95
  },
  "hyperparameters": {
    "n_qubits": 3,
    "epsilon_range": [
      0.0,
      0.2
    ],
    "n_epsilon_points": 20,
    "p_x_asymmetric": 0.05
  },
  "aggregated_results": {
    "baseline_over_rotation_retention": {
      "mean": 0.6104551499709487,
      "std": 0.2890629660621704,
      "median": 0.6102663353085518,
      "min": 0.2047239914536476,
      "max": 0.9999999403953553,
      "n": 20,
      "sem": 0.06463644418927277,
      "ci_lower": 0.47516951749138364,
      "ci_upper": 0.7457407824505138
    },
    "robust_over_rotation_retention": {
      "mean": 0.9797947198152542,
      "std": 0.018926419550969787,
      "median": 0.985053151845932,
      "min": 0.9414832592010498,
      "max": 0.9999999403953553,
      "n": 20,
      "sem": 0.004232076068664949,
      "ci_lower": 0.9709368828034529,
      "ci_upper": 0.9886525568270556
    }
  },
  "noise_parameters": {
    "epsilon_range": [
      0.0,
      0.2
    ],
    "p_x_asymmetric": 0.05
  },
  "commit_hash": "73bdbbc3",
  "additional_notes": "Cross-noise robustness test for coherent over-rotation and asymmetric Pauli noise."
}