{
  "metadata": {
    "timestamp": "2025-12-08T03:00:30.514206",
    "n_qubits": 3,
    "num_runs": 5,
    "samples_per_circuit": 32,
    "statistical_protocol": {
      "aggregation_method": "mean \u00b1 std",
      "samples_per_circuit": 32
    }
  },
  "vanilla": [
    {
      "clean_fidelity": 0.9999999403953551,
      "mean_attacked": 0.7412993293255568,
      "min_attacked": 0.704947918653488,
      "std_attacked": 0.018226098278612015,
      "samples": [
        0.7417376935482024,
        0.766731023788452,
        0.7776577174663541,
        0.7400490939617156,
        0.7649803161621092,
        0.7164128422737122,
        0.7417376935482024,
        0.704947918653488,
        0.7286966741085051,
        0.7278234660625457,
        0.7405290603637693,
        0.7400490939617156,
        0.766731023788452,
        0.7164129614830017,
        0.7659159302711486,
        0.7669485509395599,
        0.740049213171005,
        0.7413440644741057,
        0.7409224212169646,
        0.7302724719047546,
        0.7164128720760344,
        0.7286387383937835,
        0.7438552975654601,
        0.7400490939617156,
        0.7302725017070768,
        0.7641070485115048,
        0.727823495864868,
        0.7425526976585387,
        0.7172861397266388,
        0.7671827673912046,
        0.7540213763713836,
        0.7294272780418395
      ],
      "circuit_path": "results/3/compare/run_0/circuit_vanilla.json",
      "gate_count": 16,
      "cnot_count": 14
    },
    {
      "clean_fidelity": 0.9999999403953551,
      "mean_attacked": 0.7373849879950284,
      "min_attacked": 0.704947918653488,
      "std_attacked": 0.016800367723006172,
      "samples": [
        0.7523330450057982,
        0.7171736955642699,
        0.7065517604351043,
        0.7523330450057982,
        0.7278236150741576,
        0.7441273927688598,
        0.7649804055690763,
        0.704947918653488,
        0.7278234660625457,
        0.72869673371315,
        0.7286385297775267,
        0.7294537723064421,
        0.7304474711418151,
        0.7649803161621092,
        0.7278234660625457,
        0.766309469938278,
        0.7422795891761778,
        0.727823495864868,
        0.7422797381877897,
        0.7673701345920562,
        0.7418581247329711,
        0.7163585126399994,
        0.7653738260269164,
        0.716834396123886,
        0.7396557331085204,
        0.7278234660625457,
        0.7404708266258239,
        0.7295116782188414,
        0.7278234362602232,
        0.7522749006748198,
        0.741858035326004,
        0.7422796189785001
      ],
      "circuit_path": "results/3/compare/run_1/circuit_vanilla.json",
      "gate_count": 16,
      "cnot_count": 14
    },
    {
      "clean_fidelity": 0.9999999403953551,
      "mean_attacked": 0.7376486705616115,
      "min_attacked": 0.6939587891101836,
      "std_attacked": 0.017094777701585292,
      "samples": [
        0.7163584828376769,
        0.7294537723064421,
        0.7041872143745421,
        0.7422797381877897,
        0.7164129316806791,
        0.6939587891101836,
        0.7417375743389127,
        0.7523030340671538,
        0.7404708266258239,
        0.7413439154624939,
        0.7160193622112274,
        0.7434338629245757,
        0.741795778274536,
        0.7659159302711486,
        0.7531481087207793,
        0.7654320001602172,
        0.7426107227802277,
        0.7286386489868163,
        0.7531481087207793,
        0.764558732509613,
        0.7417376935482024,
        0.7422797381877897,
        0.766731023788452,
        0.7302725613117217,
        0.7278515696525573,
        0.7425563931465149,
        0.7405289411544799,
        0.7278515994548796,
        0.7417376935482024,
        0.7425565123558042,
        0.7302725613117217,
        0.717173635959625
      ],
      "circuit_path": "results/3/compare/run_2/circuit_vanilla.json",
      "gate_count": 16,
      "cnot_count": 14
    },
    {
      "clean_fidelity": 0.9999999403953551,
      "mean_attacked": 0.7395784007385373,
      "min_attacked": 0.705002188682556,
      "std_attacked": 0.014864694502889736,
      "samples": [
        0.7171736955642699,
        0.705002188682556,
        0.7421891093254088,
        0.764558732509613,
        0.739234149456024,
        0.7286967635154722,
        0.7392341792583463,
        0.7658255100250243,
        0.7417375445365906,
        0.7421048283576964,
        0.7286387383937835,
        0.7396556735038756,
        0.7172861397266388,
        0.7434338629245757,
        0.7404707074165343,
        0.7278515696525573,
        0.7417956292629241,
        0.7673701345920562,
        0.7421048283576964,
        0.7286387383937835,
        0.7532687485218047,
        0.7286967933177947,
        0.7405289411544799,
        0.72869673371315,
        0.7295119166374204,
        0.7396557331085204,
        0.7295119166374204,
        0.7523330152034758,
        0.7286967933177947,
        0.7417374253273008,
        0.7653737366199492,
        0.7654943466186521
      ],
      "circuit_path": "results/3/compare/run_3/circuit_vanilla.json",
      "gate_count": 16,
      "cnot_count": 14
    },
    {
      "clean_fidelity": 0.9999999403953551,
      "mean_attacked": 0.7426242586225271,
      "min_attacked": 0.7160193622112274,
      "std_attacked": 0.018196069159231082,
      "samples": [
        0.7405290305614471,
        0.7286387383937835,
        0.766731023788452,
        0.7417374849319457,
        0.7164129018783568,
        0.7286386489868163,
        0.7663675546646117,
        0.7417376935482024,
        0.7673701345920562,
        0.7409223616123198,
        0.7653737962245939,
        0.7421048283576964,
        0.7409224808216094,
        0.7167801558971403,
        0.7659159302711486,
        0.7405289411544799,
        0.7649803161621092,
        0.7650104761123656,
        0.7523330152034758,
        0.7286967933177947,
        0.7160193622112274,
        0.7160193622112274,
        0.7645589113235471,
        0.7669485509395599,
        0.727823495864868,
        0.7405289411544799,
        0.741344094276428,
        0.7278235554695127,
        0.7175952792167662,
        0.716834396123886,
        0.7650104761123656,
        0.7417375445365906
      ],
      "circuit_path": "results/3/compare/run_4/circuit_vanilla.json",
      "gate_count": 16,
      "cnot_count": 14
    }
  ],
  "robust": [
    {
      "clean_fidelity": 0.9999999403953551,
      "mean_attacked": 0.7912706434726713,
      "min_attacked": 0.7912706434726713,
      "std_attacked": 0.0,
      "samples": [
        0.7912706434726713,
        0.7912706434726713,
        0.7912706434726713,
        0.7912706434726713,
        0.7912706434726713,
        0.7912706434726713,
        0.7912706434726713,
        0.7912706434726713,
        0.7912706434726713,
        0.7912706434726713,
        0.7912706434726713,
        0.7912706434726713,
        0.7912706434726713,
        0.7912706434726713,
        0.7912706434726713,
        0.7912706434726713,
        0.7912706434726713,
        0.7912706434726713,
        0.7912706434726713,
        0.7912706434726713,
        0.7912706434726713,
        0.7912706434726713,
        0.7912706434726713,
        0.7912706434726713,
        0.7912706434726713,
        0.7912706434726713,
        0.7912706434726713,
        0.7912706434726713,
        0.7912706434726713,
        0.7912706434726713,
        0.7912706434726713,
        0.7912706434726713
      ],
      "circuit_path": "results/3/compare/run_0/circuit_robust.json",
      "gate_count": 3,
      "cnot_count": 2
    },
    {
      "clean_fidelity": 0.9999999403953551,
      "mean_attacked": 0.8026837967336177,
      "min_attacked": 0.7641371488571166,
      "std_attacked": 0.023141079978090284,