{
  "experiment_name": "cross_noise_robustness",
  "timestamp": "2025-12-04T01:01:26.718455",
  "statistical_protocol": {
    "n_seeds": 5,
    "seeds_used": [
      0,
      1,
      2,
      3,
      4
    ],
    "aggregation_method": "mean \u00b1 std (sample standard deviation with ddof=1)",
    "confidence_level": 0.95
  },
  "hyperparameters": {
    "n_qubits": 3,
    "epsilon_range": [
      0.0,
      0.2
    ],
    "n_epsilon_points": 20,
    "p_x_asymmetric": 0.05
  },
  "aggregated_results": {
    "baseline_over_rotation_retention": {
      "mean": 0.29917305166674896,
      "std": 0.16400222037121506,
      "median": 0.32208062471136445,
      "min": 0.042950450438368426,
      "max": 0.4895405316002444,
      "n": 20,
      "sem": 0.03667201132109377,
      "ci_lower": 0.22241764984816756,
      "ci_upper": 0.3759284534853303
    },
    "robust_over_rotation_retention": {
      "mean": 0.9143609647419367,
      "std": 0.08051635675854553,
      "median": 0.9369587077399988,
      "min": 0.7522704457689394,
      "max": 1.0,
      "n": 20,
      "sem": 0.01800400470127324,
      "ci_lower": 0.8766781498264924,
      "ci_upper": 0.9520437796573811
    }
  },
  "noise_parameters": {
    "epsilon_range": [
      0.0,
      0.2
    ],
    "p_x_asymmetric": 0.05
  },
  "commit_hash": "286acb64",
  "additional_notes": "Cross-noise robustness test for coherent over-rotation and asymmetric Pauli noise."
}