{
  "molecule": "BeH2",
  "energy": 3.392161608461543,
  "n_qubits": 8,
  "hf_energy": -15.560334935987186,
  "fci_energy": -0.5304960745373908
}