{
  "experiment_name": "circuit_robustness_comparison",
  "timestamp": "2025-12-03T05:07:20.815736",
  "statistical_protocol": {
    "n_seeds": 5,
    "seeds_used": [
      0,
      1,
      2,
      3,
      4
    ],
    "aggregation_method": "mean \u00b1 std (sample standard deviation with ddof=1)",
    "confidence_level": 0.95
  },
  "hyperparameters": {
    "n_qubits": 3,
    "num_runs": 5,
    "samples_per_circuit": 32
  },
  "aggregated_results": {
    "vanilla_fidelity": {
      "mean": 0.32630146294832224,
      "std": 0.0,
      "median": 0.32630146294832224,
      "min": 0.32630146294832224,
      "max": 0.32630146294832224,
      "n": 5,
      "sem": 0.0,
      "ci_lower": 0.32630146294832224,
      "ci_upper": 0.32630146294832224
    },
    "robust_fidelity": {
      "mean": 0.6396348476409911,
      "std": 0.15785970316437792,
      "median": 0.6966963112354277,
      "min": 0.3752323389053344,
      "max": 0.7912706434726713,
      "n": 5,
      "sem": 0.07059700543669753,
      "ci_lower": 0.44362613745464985,
      "ci_upper": 0.8356435578273324
    }
  },
  "commit_hash": "d60ad73b",
  "additional_notes": "Robustness comparison using 32 saboteur attack samples per circuit."
}