{
  "experiment_name": "cross_noise_robustness",
  "timestamp": "2025-12-03T05:07:29.551827",
  "statistical_protocol": {
    "n_seeds": 5,
    "seeds_used": [
      0,
      1,
      2,
      3,
      4
    ],
    "aggregation_method": "mean \u00b1 std (sample standard deviation with ddof=1)",
    "confidence_level": 0.95
  },
  "hyperparameters": {
    "n_qubits": 3,
    "epsilon_range": [
      0.0,
      0.2
    ],
    "n_epsilon_points": 20,
    "p_x_asymmetric": 0.05
  },
  "aggregated_results": {
    "baseline_over_rotation_retention": {
      "mean": 0.5763340175946959,
      "std": 0.29938978956815276,
      "median": 0.5492146938571151,
      "min": 0.2168550620588697,
      "max": 1.0,
      "n": 20,
      "sem": 0.06694559212437469,
      "ci_lower": 0.43621528294177536,
      "ci_upper": 0.7164527522476165
    },
    "robust_over_rotation_retention": {
      "mean": 0.979794778215574,
      "std": 0.01892642067907238,
      "median": 0.9850532105596786,
      "min": 0.9414833153178283,
      "max": 1.0,
      "n": 20,
      "sem": 0.004232076320916357,
      "ci_lower": 0.9709369406758045,
      "ci_upper": 0.9886526157553436
    }
  },
  "noise_parameters": {
    "epsilon_range": [
      0.0,
      0.2
    ],
    "p_x_asymmetric": 0.05
  },
  "commit_hash": "d60ad73b",
  "additional_notes": "Cross-noise robustness test for coherent over-rotation and asymmetric Pauli noise."
}