{
  "experiment_name": "cross_noise_robustness",
  "timestamp": "2025-12-07T01:43:01.125658",
  "statistical_protocol": {
    "n_seeds": 5,
    "seeds_used": [
      0,
      1,
      2,
      3,
      4
    ],
    "aggregation_method": "mean \u00b1 std (sample standard deviation with ddof=1)",
    "confidence_level": 0.95
  },
  "hyperparameters": {
    "n_qubits": 3,
    "epsilon_range": [
      0.0,
      0.2
    ],
    "n_epsilon_points": 20,
    "p_x_asymmetric": 0.05
  },
  "aggregated_results": {
    "baseline_over_rotation_retention": {
      "mean": 0.6254786941508169,
      "std": 0.27763568489106305,
      "median": 0.6247071102086967,
      "min": 0.24011356510898857,
      "max": 1.0,
      "n": 20,
      "sem": 0.06208122643961282,
      "ci_lower": 0.4955411938855411,
      "ci_upper": 0.7554161944160928
    },
    "robust_over_rotation_retention": {
      "mean": 0.979794778215574,
      "std": 0.01892642067907238,
      "median": 0.9850532105596786,
      "min": 0.9414833153178283,
      "max": 1.0,
      "n": 20,
      "sem": 0.004232076320916357,
      "ci_lower": 0.9709369406758045,
      "ci_upper": 0.9886526157553436
    }
  },
  "noise_parameters": {
    "epsilon_range": [
      0.0,
      0.2
    ],
    "p_x_asymmetric": 0.05
  },
  "commit_hash": "73bdbbc3",
  "additional_notes": "Cross-noise robustness test for coherent over-rotation and asymmetric Pauli noise."
}