{
  "experiment_name": "parameter_recovery",
  "timestamp": "2025-12-07T01:40:20.608564",
  "statistical_protocol": {
    "n_seeds": 5,
    "seeds_used": [
      0,
      1,
      2,
      3,
      4
    ],
    "aggregation_method": "mean \u00b1 std (sample standard deviation with ddof=1)",
    "confidence_level": 0.95
  },
  "hyperparameters": {
    "n_qubits": 3,
    "p_values": [
      0.02,
      0.05,
      0.08,
      0.12,
      0.16,
      0.2,
      0.25
    ],
    "n_shots": 150,
    "n_repetitions": 5,
    "base_seed": 42,
    "noise_model": "asymmetric",
    "asymmetric_params": {
      "p_x": 0.08,
      "p_y": 0.02,
      "p_z": 0.02
    }
  },
  "aggregated_results": {
    "baseline_mean_abs_error": {
      "mean": 0.004141591840393072,
      "std": 0.00571230430377955,
      "median": 0.0021736376396605138,
      "min": 4.729354142868486e-05,
      "max": 0.015412143965645431,
      "n": 7,
      "sem": 0.002159048085846378,
      "ci_lower": -0.0011414085080562915,
      "ci_upper": 0.009424592188842435
    },
    "robust_mean_abs_error": {
      "mean": 0.0006105858133545444,
      "std": 0.0007151966296655545,
      "median": 0.00036524371117916397,
      "min": 6.942859800219831e-05,
      "max": 0.002168909514242412,
      "n": 7,
      "sem": 0.00027031891722951675,
      "ci_lower": -5.086074880303619e-05,
      "ci_upper": 0.001272032375512125
    }
  },
  "noise_seeds": [
    42000000,
    42000001,
    42000002,
    42000003,
    42000004,
    42001000,
    42001001,
    42001002,
    42001003,
    42001004,
    42002000,
    42002001,
    42002002,
    42002003,
    42002004,
    42003000,
    42003001,
    42003002,
    42003003,
    42003004,
    42004000,
    42004001,
    42004002,
    42004003,
    42004004,
    42005000,
    42005001,
    42005002,
    42005003,
    42005004,
    42006000,
    42006001,
    42006002,
    42006003,
    42006004,
    1452065410,
    1452065411,
    1452065412,
    1452065413,
    1452065414,
    1452066410,
    1452066411,
    1452066412,
    1452066413,
    1452066414,
    1452067410,
    1452067411,
    1452067412,
    1452067413,
    1452067414,
    1452068410,
    1452068411,
    1452068412,
    1452068413,
    1452068414,
    1452069410,
    1452069411,
    1452069412,
    1452069413,
    1452069414,
    1452070410,
    1452070411,
    1452070412,
    1452070413,
    1452070414,
    1452071410,
    1452071411,
    1452071412,
    1452071413,
    1452071414
  ],
  "noise_parameters": {
    "p_values": [
      0.02,
      0.05,
      0.08,
      0.12,
      0.16,
      0.2,
      0.25
    ],
    "depolarizing_noise": true
  },
  "commit_hash": "73bdbbc3",
  "additional_notes": "Parameter recovery experiment testing noise estimation accuracy."
}