{
  "n_qubits": 4,
  "p_values": [
    0.001,
    0.005,
    0.01,
    0.02,
    0.05,
    0.08,
    0.1
  ],
  "n_shots": 1000,
  "n_repetitions": 10,
  "baseline": {
    "true_p": [
      0.001,
      0.005,
      0.01,
      0.02,
      0.05,
      0.08,
      0.1
    ],
    "recovered_p_mean": [
      0.0010010644837912465,
      0.0049996104606341695,
      0.010009451123589107,
      0.019997237721499445,
      0.05001484986385838,
      0.07992479309579835,
      0.10004782250531194
    ],
    "recovered_p_std": [
      6.165011414706438e-06,
      1.990955557603452e-05,
      1.643170010006133e-05,
      2.5602440867041885e-05,
      6.661053877442498e-05,
      0.0001598749846278584,
      0.00020019109331665443
    ],
    "observed_fidelity_mean": [
      0.9785439395799443,
      0.8978184323706856,
      0.8067823582980541,
      0.6543418609698481,
      0.36221898229739596,
      0.2170877804935917,
      0.1625828185409703
    ],
    "observed_fidelity_std": [
      0.00013055832967293188,
      0.0003856142825593345,
      0.0002801130955529047,
      0.00034703702441559267,
      0.0004475748475857748,
      0.0005407258441415285,
      0.00042832543093655984
    ],
    "recovery_error_mean": [
      1.06448379124666e-06,
      -3.895393658301556e-07,
      9.451123589106908e-06,
      -2.7622785005534252e-06,
      1.484986385837106e-05,
      -7.520690420165371e-05,
      4.7822505311939655e-05
    ],
    "recovery_error_std": [
      6.1650114147064386e-06,
      1.990955557603452e-05,
      1.643170010006133e-05,
      2.5602440867041885e-05,
      6.661053877442499e-05,
      0.0001598749846278584,
      0.00020019109331665443
    ]
  },
  "robust": {
    "true_p": [
      0.001,
      0.005,
      0.01,
      0.02,
      0.05,
      0.08,
      0.1
    ],
    "recovered_p_mean": [
      0.0010005053017388198,
      0.004995231402358621,
      0.010008661572676337,
      0.020008022898346876,
      0.0499769234996098,
      0.07997957541590593,
      0.10003178219417544
    ],
    "recovered_p_std": [
      7.727882343848664e-06,
      1.5222753998868769e-05,
      2.689045759482577e-05,
      2.575013994292167e-05,
      7.585790438460708e-05,
      8.386436695455956e-05,
      0.00014870713778745518
    ],
    "observed_fidelity_mean": [
      0.9910344511029157,
      0.9560575167560288,
      0.9139482902312199,
      0.8355732591965944,
      0.6400417321029946,
      0.4925803853783849,
      0.415175936558248
    ],
    "observed_fidelity_std": [
      6.922141452442438e-05,
      0.00013083263273562577,
      0.00022071668579048663,
      0.00019231456994546606,
      0.00042848035587037615,
      0.0003559353475250446,
      0.0005205434374592706
    ],
    "recovery_error_mean": [
      5.053017388196873e-07,
      -4.768597641379574e-06,
      8.661572676336993e-06,
      8.02289834687525e-06,
      -2.3076500390201148e-05,
      -2.0424584094067e-05,
      3.178219417544481e-05
    ],
    "recovery_error_std": [
      7.727882343848664e-06,
      1.5222753998868769e-05,
      2.689045759482577e-05,
      2.575013994292167e-05,
      7.58579043846071e-05,
      8.386436695455958e-05,
      0.00014870713778745518
    ]
  }
}