{
  "experiment_name": "cross_noise_robustness",
  "timestamp": "2025-12-02T09:11:46.637056",
  "statistical_protocol": {
    "n_seeds": 5,
    "seeds_used": [
      0,
      1,
      2,
      3,
      4
    ],
    "aggregation_method": "mean \u00b1 std (sample standard deviation with ddof=1)",
    "confidence_level": 0.95
  },
  "hyperparameters": {
    "n_qubits": 3,
    "epsilon_range": [
      0.0,
      0.1
    ],
    "n_epsilon_points": 20,
    "p_x_asymmetric": 0.05
  },
  "aggregated_results": {
    "baseline_over_rotation_retention": {
      "mean": 0.9858777446942089,
      "std": 0.013394690906566987,
      "median": 0.989738826070043,
      "min": 0.9584654284453307,
      "max": 1.0,
      "n": 20,
      "sem": 0.002995143940468207,
      "ci_lower": 0.9796088363803938,
      "ci_upper": 0.992146653008024
    },
    "robust_over_rotation_retention": {
      "mean": 0.9965076733793102,
      "std": 0.0032937391762266257,
      "median": 0.9974417971143557,
      "min": 0.9897876477624128,
      "max": 1.0,
      "n": 20,
      "sem": 0.0007365024698196894,
      "ci_lower": 0.9949661559938465,
      "ci_upper": 0.9980491907647739
    }
  },
  "noise_parameters": {
    "epsilon_range": [
      0.0,
      0.1
    ],
    "p_x_asymmetric": 0.05
  },
  "commit_hash": "e3594318",
  "additional_notes": "Cross-noise robustness test for coherent over-rotation and asymmetric Pauli noise."
}