{
  "experiment_name": "cross_noise_robustness",
  "timestamp": "2025-12-01T05:09:26.776018",
  "statistical_protocol": {
    "n_seeds": 5,
    "seeds_used": [
      0,
      1,
      2,
      3,
      4
    ],
    "aggregation_method": "mean \u00b1 std (sample standard deviation with ddof=1)",
    "confidence_level": 0.95
  },
  "hyperparameters": {
    "n_qubits": 3,
    "epsilon_range": [
      0.0,
      0.1
    ],
    "n_epsilon_points": 20,
    "p_x_asymmetric": 0.05
  },
  "aggregated_results": {
    "baseline_over_rotation_retention": {
      "mean": 0.9834364946916629,
      "std": 0.03921837428847181,
      "median": 1.0011616850885714,
      "min": 0.8925606503006668,
      "max": 1.0178746003105845,
      "n": 20,
      "sem": 0.008769495087605291,
      "ci_lower": 0.9650817305282899,
      "ci_upper": 1.001791258855036
    },
    "robust_over_rotation_retention": {
      "mean": 0.9982917605812407,
      "std": 0.0016098306902786845,
      "median": 0.9987472891060882,
      "min": 0.9950104948884543,
      "max": 1.0,
      "n": 20,
      "sem": 0.0003599690855728548,
      "ci_lower": 0.9975383366262933,
      "ci_upper": 0.9990451845361881
    }
  },
  "noise_parameters": {
    "epsilon_range": [
      0.0,
      0.1
    ],
    "p_x_asymmetric": 0.05
  },
  "commit_hash": "748e0365",
  "additional_notes": "Cross-noise robustness test for coherent over-rotation and asymmetric Pauli noise."
}