{
  "molecule": "H2",
  "n_wires": 1,
  "hf_energy": -1.116998996754004,
  "fci_energy": -1.1373060357533988,
  "pauli_terms": [
    [
      -1.041093141516624,
      "I"
    ],
    [
      -0.7958748496863586,
      "Z"
    ],
    [
      -0.18093119978423144,
      "X"
    ],
    [
      0.7199689944489797,
      "I"
    ]
  ]
}