{
  "experiment_name": "parameter_recovery",
  "timestamp": "2025-12-03T00:42:21.633746",
  "statistical_protocol": {
    "n_seeds": 5,
    "seeds_used": [
      0,
      1,
      2,
      3,
      4
    ],
    "aggregation_method": "mean \u00b1 std (sample standard deviation with ddof=1)",
    "confidence_level": 0.95
  },
  "hyperparameters": {
    "n_qubits": 3,
    "p_values": [
      0.001,
      0.005,
      0.01,
      0.02,
      0.05,
      0.08,
      0.1
    ],
    "n_shots": 1000,
    "n_repetitions": 5,
    "base_seed": 42
  },
  "aggregated_results": {
    "baseline_mean_abs_error": {
      "mean": 2.1910238085265592e-05,
      "std": 1.4800619805252316e-05,
      "median": 2.433680674340244e-05,
      "min": 3.831098573961943e-06,
      "max": 4.713304647603611e-05,
      "n": 7,
      "sem": 5.594108464902123e-06,
      "ci_lower": 8.221947785906197e-06,
      "ci_upper": 3.559852838462499e-05
    },
    "robust_mean_abs_error": {
      "mean": 3.111739363728209e-05,
      "std": 3.516850315671229e-05,
      "median": 1.5939437736471607e-05,
      "min": 1.3050502782766937e-06,
      "max": 8.389939235250166e-05,
      "n": 7,
      "sem": 1.3292444762150106e-05,
      "ci_lower": -1.408046981912871e-06,
      "ci_upper": 6.364283425647706e-05
    }
  },
  "noise_seeds": [
    42000000,
    42000001,
    42000002,
    42000003,
    42000004,
    42001000,
    42001001,
    42001002,
    42001003,
    42001004,
    42002000,
    42002001,
    42002002,
    42002003,
    42002004,
    42003000,
    42003001,
    42003002,
    42003003,
    42003004,
    42004000,
    42004001,
    42004002,
    42004003,
    42004004,
    42005000,
    42005001,
    42005002,
    42005003,
    42005004,
    42006000,
    42006001,
    42006002,
    42006003,
    42006004,
    1452065410,
    1452065411,
    1452065412,
    1452065413,
    1452065414,
    1452066410,
    1452066411,
    1452066412,
    1452066413,
    1452066414,
    1452067410,
    1452067411,
    1452067412,
    1452067413,
    1452067414,
    1452068410,
    1452068411,
    1452068412,
    1452068413,
    1452068414,
    1452069410,
    1452069411,
    1452069412,
    1452069413,
    1452069414,
    1452070410,
    1452070411,
    1452070412,
    1452070413,
    1452070414,
    1452071410,
    1452071411,
    1452071412,
    1452071413,
    1452071414
  ],
  "noise_parameters": {
    "p_values": [
      0.001,
      0.005,
      0.01,
      0.02,
      0.05,
      0.08,
      0.1
    ],
    "depolarizing_noise": true
  },
  "commit_hash": "904eae19",
  "additional_notes": "Parameter recovery experiment testing noise estimation accuracy."
}