{
  "experiment_name": "parameter_recovery",
  "timestamp": "2025-12-03T05:07:29.000125",
  "statistical_protocol": {
    "n_seeds": 5,
    "seeds_used": [
      0,
      1,
      2,
      3,
      4
    ],
    "aggregation_method": "mean \u00b1 std (sample standard deviation with ddof=1)",
    "confidence_level": 0.95
  },
  "hyperparameters": {
    "n_qubits": 3,
    "p_values": [
      0.001,
      0.005,
      0.01,
      0.02,
      0.05,
      0.08,
      0.1
    ],
    "n_shots": 1000,
    "n_repetitions": 5,
    "base_seed": 42
  },
  "aggregated_results": {
    "baseline_mean_abs_error": {
      "mean": 1.9471927477947837e-05,
      "std": 1.490865187982804e-05,
      "median": 2.3699403013786868e-05,
      "min": 1.6555447147129782e-06,
      "max": 4.503466964826397e-05,
      "n": 7,
      "sem": 5.63494075103723e-06,
      "ci_lower": 5.683724173735106e-06,
      "ci_upper": 3.326013078216057e-05
    },
    "robust_mean_abs_error": {
      "mean": 3.227552255971479e-05,
      "std": 2.89187402179407e-05,
      "median": 3.129082298314254e-05,
      "min": 1.2055811121490685e-06,
      "max": 8.028837724333992e-05,
      "n": 7,
      "sem": 1.09302564065647e-05,
      "ci_lower": 5.530148622438398e-06,
      "ci_upper": 5.9020896496991186e-05
    }
  },
  "noise_seeds": [
    42000000,
    42000001,
    42000002,
    42000003,
    42000004,
    42001000,
    42001001,
    42001002,
    42001003,
    42001004,
    42002000,
    42002001,
    42002002,
    42002003,
    42002004,
    42003000,
    42003001,
    42003002,
    42003003,
    42003004,
    42004000,
    42004001,
    42004002,
    42004003,
    42004004,
    42005000,
    42005001,
    42005002,
    42005003,
    42005004,
    42006000,
    42006001,
    42006002,
    42006003,
    42006004,
    1452065410,
    1452065411,
    1452065412,
    1452065413,
    1452065414,
    1452066410,
    1452066411,
    1452066412,
    1452066413,
    1452066414,
    1452067410,
    1452067411,
    1452067412,
    1452067413,
    1452067414,
    1452068410,
    1452068411,
    1452068412,
    1452068413,
    1452068414,
    1452069410,
    1452069411,
    1452069412,
    1452069413,
    1452069414,
    1452070410,
    1452070411,
    1452070412,
    1452070413,
    1452070414,
    1452071410,
    1452071411,
    1452071412,
    1452071413,
    1452071414
  ],
  "noise_parameters": {
    "p_values": [
      0.001,
      0.005,
      0.01,
      0.02,
      0.05,
      0.08,
      0.1
    ],
    "depolarizing_noise": true
  },
  "commit_hash": "d60ad73b",
  "additional_notes": "Parameter recovery experiment testing noise estimation accuracy."
}