{
  "molecule": "LiH",
  "energy": 0.9922072704750007,
  "n_qubits": 4,
  "hf_energy": -7.8618647698086574,
  "fci_energy": -0.06590926466153926
}