{
  "n_qubits": 4,
  "p_values": [
    0.001,
    0.005,
    0.01,
    0.02,
    0.05,
    0.08,
    0.1
  ],
  "n_shots": 1000,
  "n_repetitions": 10,
  "baseline": {
    "true_p": [
      0.001,
      0.005,
      0.01,
      0.02,
      0.05,
      0.08,
      0.1
    ],
    "recovered_p_mean": [
      0.0010034166449745094,
      0.0049985651189383236,
      0.010010721870407583,
      0.019994543447768638,
      0.05001518212412195,
      0.07992831863019476,
      0.10003912904291942
    ],
    "recovered_p_std": [
      8.030905021960708e-06,
      2.5812711686006347e-05,
      2.077895632335572e-05,
      3.1559460625019986e-05,
      7.320857585832768e-05,
      0.0001520231613184736,
      0.00016880905529279247
    ],
    "observed_fidelity_mean": [
      0.9873882296640456,
      0.9388296866110766,
      0.8816008944573666,
      0.7787966543962879,
      0.5429678134197679,
      0.38761572390264526,
      0.3137713847857849
    ],
    "observed_fidelity_std": [
      0.00010055518323967689,
      0.0003051185091790662,
      0.00022918405099663932,
      0.0003028856051865836,
      0.00046384182245705916,
      0.0006391963636844082,
      0.0005385677092192215
    ],
    "recovery_error_mean": [
      3.4166449745095305e-06,
      -1.4348810616762049e-06,
      1.0721870407580727e-05,
      -5.456552231363973e-06,
      1.5182124121947137e-05,
      -7.16813698052543e-05,
      3.912904291941133e-05
    ],
    "recovery_error_std": [
      8.030905021960708e-06,
      2.5812711686006347e-05,
      2.0778956323355724e-05,
      3.1559460625019986e-05,
      7.320857585832768e-05,
      0.0001520231613184736,
      0.00016880905529279247
    ]
  },
  "robust": {
    "true_p": [
      0.001,
      0.005,
      0.01,
      0.02,
      0.05,
      0.08,
      0.1
    ],
    "recovered_p_mean": [
      0.0010005053017388198,
      0.004995231402358621,
      0.010008661572676337,
      0.020008022898346876,
      0.0499769234996098,
      0.07997957541590593,
      0.10003178219417544
    ],
    "recovered_p_std": [
      7.727882343848664e-06,
      1.5222753998868769e-05,
      2.689045759482577e-05,
      2.575013994292167e-05,
      7.585790438460708e-05,
      8.386436695455956e-05,
      0.00014870713778745518
    ],
    "observed_fidelity_mean": [
      0.9910344511029157,
      0.9560575167560288,
      0.9139482902312199,
      0.8355732591965944,
      0.6400417321029946,
      0.4925803853783849,
      0.415175936558248
    ],
    "observed_fidelity_std": [
      6.922141452442438e-05,
      0.00013083263273562577,
      0.00022071668579048663,
      0.00019231456994546606,
      0.00042848035587037615,
      0.0003559353475250446,
      0.0005205434374592706
    ],
    "recovery_error_mean": [
      5.053017388196873e-07,
      -4.768597641379574e-06,
      8.661572676336993e-06,
      8.02289834687525e-06,
      -2.3076500390201148e-05,
      -2.0424584094067e-05,
      3.178219417544481e-05
    ],
    "recovery_error_std": [
      7.727882343848664e-06,
      1.5222753998868769e-05,
      2.689045759482577e-05,
      2.575013994292167e-05,
      7.58579043846071e-05,
      8.386436695455958e-05,
      0.00014870713778745518
    ]
  }
}