{
  "experiment_name": "cross_noise_robustness",
  "timestamp": "2025-12-05T14:36:01.642320",
  "statistical_protocol": {
    "n_seeds": 5,
    "seeds_used": [
      0,
      1,
      2,
      3,
      4
    ],
    "aggregation_method": "mean \u00b1 std (sample standard deviation with ddof=1)",
    "confidence_level": 0.95
  },
  "hyperparameters": {
    "n_qubits": 3,
    "epsilon_range": [
      0.0,
      0.2
    ],
    "n_epsilon_points": 20,
    "p_x_asymmetric": 0.05
  },
  "aggregated_results": {
    "baseline_over_rotation_retention": {
      "mean": 0.610455131777968,
      "std": 0.289062957447423,
      "median": 0.6102663171211983,
      "min": 0.2047239853523974,
      "max": 0.9999999105930356,
      "n": 20,
      "sem": 0.06463644226295669,
      "ci_lower": 0.4751695033302288,
      "ci_upper": 0.7457407602257071
    },
    "robust_over_rotation_retention": {
      "mean": 0.9797946906150969,
      "std": 0.01892641898691855,
      "median": 0.9850531224890613,
      "min": 0.941483231142663,
      "max": 0.9999999105930356,
      "n": 20,
      "sem": 0.004232075942539258,
      "ci_lower": 0.9709368538672798,
      "ci_upper": 0.9886525273629141
    }
  },
  "noise_parameters": {
    "epsilon_range": [
      0.0,
      0.2
    ],
    "p_x_asymmetric": 0.05
  },
  "commit_hash": "73bdbbc3",
  "additional_notes": "Cross-noise robustness test for coherent over-rotation and asymmetric Pauli noise."
}