{
  "molecule": "H2",
  "energy": 0.7199689944489798,
  "n_qubits": 4,
  "hf_energy": -1.116998996754004,
  "fci_energy": -1.1373060357533997
}