{
  "experiment_name": "cross_noise_robustness",
  "timestamp": "2025-12-03T00:42:22.290685",
  "statistical_protocol": {
    "n_seeds": 5,
    "seeds_used": [
      0,
      1,
      2,
      3,
      4
    ],
    "aggregation_method": "mean \u00b1 std (sample standard deviation with ddof=1)",
    "confidence_level": 0.95
  },
  "hyperparameters": {
    "n_qubits": 3,
    "epsilon_range": [
      0.0,
      0.1
    ],
    "n_epsilon_points": 20,
    "p_x_asymmetric": 0.05
  },
  "aggregated_results": {
    "baseline_over_rotation_retention": {
      "mean": 0.9254189717536155,
      "std": 0.05077197372896584,
      "median": 0.9291224538987762,
      "min": 0.8380676709881986,
      "max": 1.0,
      "n": 20,
      "sem": 0.01135295846098011,
      "ci_lower": 0.9016569566060864,
      "ci_upper": 0.9491809869011447
    },
    "robust_over_rotation_retention": {
      "mean": 0.9833616020913609,
      "std": 0.015613268173376011,
      "median": 0.9877232627145113,
      "min": 0.9516972371088205,
      "max": 1.0,
      "n": 20,
      "sem": 0.0034912328986602733,
      "ci_lower": 0.9760543676549235,
      "ci_upper": 0.9906688365277984
    }
  },
  "noise_parameters": {
    "epsilon_range": [
      0.0,
      0.1
    ],
    "p_x_asymmetric": 0.05
  },
  "commit_hash": "904eae19",
  "additional_notes": "Cross-noise robustness test for coherent over-rotation and asymmetric Pauli noise."
}