{
  "seed": 2,
  "lambda": 0.005,
  "final_fidelity": 0.0,
  "best_fidelity": 0.1249999850988388,
  "cnot_count": 8,
  "success": false,
  "training_steps": 1000,
  "fidelity_history": [
    0.0,
    0.0624999925494194,
    0.1249999850988388,
    0.0,
    0.12499997764825821,
    0.0,
    0.0183058213442564,
    0.0624999925494194,
    0.0,
    0.0,
    0.1249999850988388,
    0.0,
    0.0,
    0.0,
    0.0,
    0.0732232853770256,
    0.10669415444135666,
    0.0624999925494194,
    0.0,
    0.0,
    0.0,
    0.0,
    0.0,
    0.0,
    0.0624999925494194,
    0.0,
    0.0
  ],
  "step_history": [
    34,
    66,
    109,
    145,
    185,
    229,
    269,
    306,
    342,
    381,
    418,
    449,
    487,
    518,
    554,
    589,
    632,
    671,
    711,
    745,
    774,
    808,
    847,
    875,
    914,
    960,
    998
  ]
}