{
  "seed": 3,
  "lambda": 0.005,
  "final_fidelity": 0.1249999850988388,
  "best_fidelity": 0.2499999701976776,
  "cnot_count": 12,
  "success": false,
  "training_steps": 1000,
  "fidelity_history": [
    0.0,
    0.0,
    0.0,
    0.2499999701976776,
    0.0,
    0.0,
    0.12499995529651642,
    0.0,
    0.0183058213442564,
    0.0624999925494194,
    0.0,
    0.1249999850988388,
    0.0624999925494194,
    0.0,
    0.1249999850988388,
    0.062499988824129105,
    0.0,
    0.0,
    0.0,
    0.0,
    0.0624999925494194,
    0.0,
    0.0,
    0.0,
    0.0,
    0.0,
    0.1249999850988388
  ],
  "step_history": [
    35,
    80,
    111,
    142,
    179,
    218,
    255,
    290,
    334,
    372,
    403,
    440,
    483,
    527,
    575,
    610,
    649,
    688,
    724,
    762,
    796,
    829,
    860,
    890,
    934,
    966,
    1002
  ]
}