{
  "seed": 0,
  "lambda": 0.05,
  "final_fidelity": 0.0366116501390934,
  "best_fidelity": 0.2499999701976776,
  "cnot_count": 12,
  "success": false,
  "training_steps": 1000,
  "fidelity_history": [
    0.2499999701976776,
    0.0624999925494194,
    0.0,
    0.062499988824129105,
    0.12499997764825821,
    0.2499999701976776,
    0.2499999701976776,
    0.0,
    0.0,
    0.0,
    0.1249999850988388,
    0.036611635237932205,
    0.0,
    0.0,
    0.1249999850988388,
    0.062499988824129105,
    0.0624999925494194,
    0.0,
    0.0624999925494194,
    0.0,
    0.0732232853770256,
    0.0,
    0.10669415444135666,
    0.0,
    0.0624999925494194,
    0.0366116501390934
  ],
  "step_history": [
    29,
    65,
    102,
    142,
    184,
    226,
    258,
    297,
    330,
    371,
    414,
    452,
    488,
    525,
    563,
    595,
    641,
    674,
    716,
    753,
    798,
    837,
    876,
    904,
    945,
    985
  ]
}