{
  "experiment_name": "circuit_robustness_comparison",
  "timestamp": "2025-11-28T05:08:31.151640",
  "statistical_protocol": {
    "n_seeds": 1,
    "seeds_used": [
      0
    ],
    "aggregation_method": "mean \u00b1 std (sample standard deviation with ddof=1)",
    "confidence_level": 0.95
  },
  "hyperparameters": {
    "n_qubits": 4,
    "num_runs": 1,
    "samples_per_circuit": 32
  },
  "aggregated_results": {
    "vanilla_fidelity": {
      "mean": 0.962934099137783,
      "std": 0.0,
      "median": 0.962934099137783,
      "min": 0.962934099137783,
      "max": 0.962934099137783,
      "n": 1,
      "sem": 0.0,
      "ci_lower": 0.962934099137783,
      "ci_upper": 0.962934099137783
    },
    "robust_fidelity": {
      "mean": 0.9437450375407934,
      "std": 0.0,
      "median": 0.9437450375407934,
      "min": 0.9437450375407934,
      "max": 0.9437450375407934,
      "n": 1,
      "sem": 0.0,
      "ci_lower": 0.9437450375407934,
      "ci_upper": 0.9437450375407934
    }
  },
  "commit_hash": "eb6f3cf0",
  "additional_notes": "Robustness comparison using 32 saboteur attack samples per circuit."
}