{
  "metadata": {
    "timestamp": "2025-11-28T05:08:30.979245",
    "n_qubits": 4,
    "num_runs": 1,
    "samples_per_circuit": 32,
    "statistical_protocol": {
      "aggregation_method": "mean \u00b1 std",
      "samples_per_circuit": 32
    }
  },
  "vanilla": [
    {
      "clean_fidelity": 1.0,
      "mean_attacked": 0.962934099137783,
      "min_attacked": 0.940597653388977,
      "std_attacked": 0.011594499370600765,
      "samples": [
        0.965907096862793,
        0.9802167415618896,
        0.9743812680244446,
        0.9462482929229736,
        0.9659838080406189,
        0.9475656747817993,
        0.9815086126327515,
        0.9456309676170349,
        0.9704517722129822,
        0.9474347233772278,
        0.9495550990104675,
        0.9506463408470154,
        0.9659095406532288,
        0.9517841339111328,
        0.9653440117835999,
        0.965303361415863,
        0.9743096232414246,
        0.955128014087677,
        0.940597653388977,
        0.9614979028701782,
        0.9737029075622559,
        0.9639390110969543,
        0.9627661108970642,
        0.9730612635612488,
        0.9736671447753906,
        0.97176194190979,
        0.9595099687576294,
        0.9685250520706177,
        0.9808427691459656,
        0.9755975008010864,
        0.946225643157959,
        0.9588872194290161
      ]
    }
  ],
  "robust": [
    {
      "clean_fidelity": 1.0,
      "mean_attacked": 0.9437450375407934,
      "min_attacked": 0.9106102585792542,
      "std_attacked": 0.016248949515420576,
      "samples": [
        0.9418121576309204,
        0.9467598795890808,
        0.9463149309158325,
        0.9400542974472046,
        0.9524256587028503,
        0.9350054860115051,
        0.9543628692626953,
        0.9556782841682434,
        0.9293527603149414,
        0.9324170351028442,
        0.9684506058692932,
        0.9443525075912476,
        0.9487467408180237,
        0.9250624775886536,
        0.9537360668182373,
        0.9769256711006165,
        0.9614291787147522,
        0.921423614025116,
        0.9487438797950745,
        0.9640135765075684,
        0.9691601991653442,
        0.932392418384552,
        0.9431000351905823,
        0.9512513279914856,
        0.9349073171615601,
        0.963351309299469,
        0.94682776927948,
        0.9183627367019653,
        0.9129815101623535,
        0.9106102585792542,
        0.9280930161476135,
        0.9417356252670288
      ]
    }
  ],
  "aggregated": {
    "vanilla": {
      "mean": 0.962934099137783,
      "std": 0.0,
      "median": 0.962934099137783,
      "min": 0.962934099137783,
      "max": 0.962934099137783,
      "n": 1,
      "sem": 0.0,
      "ci_lower": 0.962934099137783,
      "ci_upper": 0.962934099137783
    },
    "robust": {
      "mean": 0.9437450375407934,
      "std": 0.0,
      "median": 0.9437450375407934,
      "min": 0.9437450375407934,
      "max": 0.9437450375407934,
      "n": 1,
      "sem": 0.0,
      "ci_lower": 0.9437450375407934,
      "ci_upper": 0.9437450375407934
    }
  }
}