{
  "n_qubits": 8,
  "pauli_terms": [
    [
      -2.848418568715678,
      "IIIIIIII"
    ],
    [
      0.14921488788949316,
      "IIIIIIIZ"
    ],
    [
      0.13552888582690617,
      "IIIIIIZZ"
    ],
    [
      -0.06572386024932626,
      "IIIIIZZI"
    ],
    [
      -0.06572386024932628,
      "IIIIZZII"
    ],
    [
      0.14921488788949322,
      "IIIZZIII"
    ],
    [
      0.1355288858269062,
      "IIZZIIII"
    ],
    [
      -0.06572386024932625,
      "IZZIIIII"
    ],
    [
      -0.0657238602493263,
      "ZZIIIIII"
    ],
    [
      0.06196670853791525,
      "IIIIIIZI"
    ],
    [
      0.08001574498509727,
      "IIIIIZZZ"
    ],
    [
      0.08001574498509728,
      "IIIIZZIZ"
    ],
    [
      0.0997579308471879,
      "IIIZZIIZ"
    ],
    [
      0.10309654502523617,
      "IIZZIIIZ"
    ],
    [
      0.09238728853855027,
      "IZZIIIIZ"
    ],
    [
      0.0923872885385503,
      "ZZIIIIIZ"
    ],
    [
      0.04112983648732093,
      "IIZXZIZX"
    ],
    [
      -0.04112983648732093,
      "IIIXIIZX"
    ],
    [
      -0.04112983648732093,
      "IIZXZIIX"
    ],
    [
      0.04112983648732093,
      "IIIXIIIX"
    ],
    [
      0.012371543553453006,
      "IZXXZZXX"
    ],
    [
      0.012371543553453006,
      "IIYYIZXX"
    ],
    [
      0.012371543553453006,
      "IZXXZIYY"
    ],
    [
      0.012371543553453006,
      "IIYYIIYY"
    ],
    [
      0.012371543553453017,
      "ZXXXIXXX"
    ],
    [
      0.012371543553453017,
      "IYXYZXXX"
    ],
    [
      0.012371543553453017,
      "ZXXXZYXY"
    ],
    [
      0.012371543553453017,
      "IYXYIYXY"
    ],
    [
      0.08557179384084693,
      "IIIIIZIZ"
    ],
    [
      0.08557179384084698,
      "IIIIZZZZ"
    ],
    [
      0.10309654502523617,
      "IIIZZIZZ"
    ],
    [
      0.10888573943004295,
      "IIZZIIZZ"
    ],
    [
      0.0892479654603995,
      "IZZIIIZZ"
    ],
    [
      0.08924796546039955,
      "ZZIIIIZZ"
    ],
    [
      0.003676171619552562,
      "IZXZIZXZ"
    ],
    [
      -0.003676171619552562,
      "IIXIIZXZ"
    ],
    [
      -0.003676171619552562,
      "IZXZIIXI"
    ],
    [
      0.003676171619552562,
      "IIXIIIXI"
    ],
    [
      0.003676171619552564,
      "ZXXZZXXZ"
    ],
    [
      0.003676171619552564,
      "IYYIZXXZ"
    ],
    [
      0.003676171619552564,
      "ZXXZIYYI"
    ],
    [
      0.003676171619552564,
      "IYYIIYYI"
    ],
    [
      0.09427772585578928,
      "IIIIZIZI"
    ],
    [
      0.09238728853855027,
      "IIIZZZZI"
    ],
    [
      0.0892479654603995,
      "IIZZIZZI"
    ],
    [
      0.11246476027166756,
      "IZZIIZZI"
    ],
    [
      0.10034007066108205,
      "ZZIIIZZI"
    ],
    [
      0.0060623448052927725,
      "ZXZIZXZI"
    ],
    [
      -0.0060623448052927725,
      "IXIIZXZI"
    ],
    [
      -0.0060623448052927725,
      "ZXZIIXII"
    ],
    [
      0.0060623448052927725,
      "IXIIIXII"
    ],
    [
      0.0923872885385503,
      "IIIZIZII"
    ],
    [
      0.08924796546039955,
      "IIZZZZII"
    ],
    [
      0.10034007066108205,
      "IZZIZZII"
    ],
    [
      0.11246476027166767,
      "ZZIIZZII"
    ],
    [
      0.06196670853791525,
      "IIZIZIII"
    ],
    [
      0.08001574498509727,
      "IZZZZIII"
    ],
    [
      0.08001574498509728,
      "ZZIZZIII"
    ],
    [
      0.08557179384084693,
      "IZIZIIII"
    ],
    [
      0.08557179384084698,
      "ZZZZIIII"
    ],
    [
      0.09427772585578928,
      "ZIZIIIII"
    ],
    [
      3.3921616084615387,
      "IIIIIIII"
    ]
  ],
  "hf_energy": -15.560334935987186,
  "fci_energy": -0.5304960745373908
}