{
  "n_qubits": 4,
  "pauli_terms": [
    [
      -0.8105479805373275,
      "IIII"
    ],
    [
      0.17218393261915566,
      "IIIZ"
    ],
    [
      -0.22575349222402394,
      "IIZZ"
    ],
    [
      0.1721839326191556,
      "IZZI"
    ],
    [
      -0.2257534922240239,
      "ZZII"
    ],
    [
      0.12091263261776623,
      "IIZI"
    ],
    [
      0.16892753870087907,
      "IZZZ"
    ],
    [
      0.16614543256382408,
      "ZZIZ"
    ],
    [
      0.04523279994605784,
      "ZXIX"
    ],
    [
      -0.04523279994605784,
      "IXZX"
    ],
    [
      -0.04523279994605784,
      "ZXZX"
    ],
    [
      0.04523279994605784,
      "IXIX"
    ],
    [
      0.16614543256382408,
      "IZIZ"
    ],
    [
      0.17464343068300453,
      "ZZZZ"
    ],
    [
      0.12091263261776623,
      "ZIZI"
    ],
    [
      0.7199689944489797,
      "IIII"
    ]
  ],
  "hf_energy": -1.116998996754004,
  "fci_energy": -1.1373060357533997
}