{
  "n_qubits": 4,
  "pauli_terms": [
    [
      -2.6286412780868185,
      "IIII"
    ],
    [
      0.7006726807582011,
      "IIIZ"
    ],
    [
      -0.053658158642685805,
      "IIZX"
    ],
    [
      0.053658158642685805,
      "IIIX"
    ],
    [
      0.20741381679372084,
      "IIZZ"
    ],
    [
      0.7006726807582011,
      "IZZI"
    ],
    [
      -0.053658158642685805,
      "ZXZI"
    ],
    [
      0.053658158642685805,
      "IXII"
    ],
    [
      0.20741381679372095,
      "ZZII"
    ],
    [
      0.0867564888732132,
      "IIZI"
    ],
    [
      0.2503006938594043,
      "IZZZ"
    ],
    [
      -0.03601250423456481,
      "ZXZZ"
    ],
    [
      0.03601250423456481,
      "IXIZ"
    ],
    [
      0.09969811672065765,
      "ZZIZ"
    ],
    [
      -0.03601250423456481,
      "IZIX"
    ],
    [
      0.03601250423456481,
      "IZZX"
    ],
    [
      0.012941627847444443,
      "ZXIX"
    ],
    [
      -0.012941627847444443,
      "IXZX"
    ],
    [
      -0.012941627847444443,
      "ZXZX"
    ],
    [
      0.012941627847444443,
      "IXIX"
    ],
    [
      0.017645129660523663,
      "ZZZX"
    ],
    [
      -0.017645129660523663,
      "ZZIX"
    ],
    [
      0.09969811672065765,
      "IZIZ"
    ],
    [
      0.017645129660523663,
      "ZXIZ"
    ],
    [
      -0.017645129660523663,
      "IXZZ"
    ],
    [
      0.1892583779358279,
      "ZZZZ"
    ],
    [
      0.0867564888732132,
      "ZIZI"
    ],
    [
      0.7233149411153635,
      "IIII"
    ]
  ],
  "hf_energy": -2.825194204292924,
  "fci_energy": -3.251354499772431
}