{
  "n_qubits": 4,
  "pauli_terms": [
    [
      -0.7051449008248376,
      "IIII"
    ],
    [
      0.15592409137654603,
      "IIIZ"
    ],
    [
      -0.014015947443752182,
      "IIZX"
    ],
    [
      0.014015947443752182,
      "IIIX"
    ],
    [
      -0.015039822240405242,
      "IIZZ"
    ],
    [
      0.15592409137654603,
      "IZZI"
    ],
    [
      -0.014015947443752183,
      "ZXZI"
    ],
    [
      0.014015947443752183,
      "IXII"
    ],
    [
      -0.015039822240405263,
      "ZZII"
    ],
    [
      0.05263651530244959,
      "IIZI"
    ],
    [
      0.12182774168310834,
      "IZZZ"
    ],
    [
      -0.012144898067819609,
      "ZXZZ"
    ],
    [
      0.012144898067819609,
      "IXIZ"
    ],
    [
      0.05590251119765446,
      "ZZIZ"
    ],
    [
      -0.012144898067819609,
      "IZIX"
    ],
    [
      0.012144898067819609,
      "IZZX"
    ],
    [
      0.003265995895204872,
      "ZXIX"
    ],
    [
      -0.003265995895204872,
      "IXZX"
    ],
    [
      -0.003265995895204872,
      "ZXZX"
    ],
    [
      0.003265995895204872,
      "IXIX"
    ],
    [
      0.0018710430187581463,
      "ZZZX"
    ],
    [
      -0.0018710430187581463,
      "ZZIX"
    ],
    [
      0.05590251119765446,
      "IZIZ"
    ],
    [
      0.0018710430187581463,
      "ZXIZ"
    ],
    [
      -0.0018710430187581463,
      "IXZZ"
    ],
    [
      0.08447056786924027,
      "ZZZZ"
    ],
    [
      0.05263651530244959,
      "ZIZI"
    ],
    [
      0.992207270475,
      "IIII"
    ]
  ],
  "hf_energy": -7.8618647698086574,
  "fci_energy": -0.06590926466153926
}